isolate	gene_name	maf	patient	ena_accession	time_from_diagnosis	date_of_collection	study	bracken_perc	bracken_pass	multiple_carriage	country	timepoint	gene_id_prokka	annotation_id	size	snp	pid_x_snp
23IE182_S21_L001	pks1_2~~~acpP_1~~~pks1_1~~~acpP_3~~~pikAII	0.108108	P13	ERS22133306	2.041095890410959	2013-03-01	Present	99.83903420523136	TRUE	FALSE	Ireland	T00-T01	acpP	IMFOIEKC_02535	17	OKKMABND_10___36998	P13___OKKMABND_10___36998
23IE182_S21_L001	mtrB	0.052083	P13	ERS22133306	2.041095890410959	2013-03-01	Present	99.83903420523136	TRUE	FALSE	Ireland	T00-T01	mtrB	IMFOIEKC_03636	10	OKKMABND_16___51166	P13___OKKMABND_16___51166
ERR3337559	rpoB~~~rpoB_2	0.064516	VT_104	ERR3337559	0.054757015742642	2013-10-30	Van Tonder	99.5297178306984	TRUE	FALSE	UK	T00-T01	rpoB	IMFOIEKC_03925	10	GKCEFDNB_1___19298	VT_104___GKCEFDNB_1___19298
ERR3566357	yehZ	0.105263	VT_124	ERR3566357	1.2895277207392195	2015-09-10	Van Tonder	99.77986792075244	TRUE	FALSE	UK	T00-T01	yehZ	IMFOIEKC_00198	12	NKMHEIMC_2___261930	VT_124___NKMHEIMC_2___261930
ERR2988424	dhbF_5~~~dhbF_4~~~dhbF_2~~~dhbF_1~~~lgrB_1~~~lgrB~~~lgrD_4~~~dhbF_6~~~dhbF_3~~~dltA~~~dltA_1~~~dltA_2	0.078431	VT_218	ERR2988424	0.054757015742642	2013-03-11	Van Tonder	97.94856399479634	TRUE	FALSE	UK	T00-T01	dltA	IMFOIEKC_01385	16	MOMHJPII_20___72938	VT_218___MOMHJPII_20___72938
ERR2988424	dhbF_5~~~dhbF_4~~~dhbF_2~~~dhbF_1~~~lgrB_1~~~lgrB~~~lgrD_4~~~dhbF_6~~~dhbF_3~~~dltA~~~dltA_1~~~dltA_2	0.1	VT_218	ERR2988424	0.054757015742642	2013-03-11	Van Tonder	97.94856399479634	TRUE	FALSE	UK	T00-T01	dltA	IMFOIEKC_01385	16	MOMHJPII_20___76413	VT_218___MOMHJPII_20___76413
ERR3566237	mmpL5_1~~~mmpL4_4~~~mmpL4_9~~~mmpL4_3	0.944444	VT_261	ERR3566237	0.6707734428473648	2015-02-02	Van Tonder	97.4682277594316	TRUE	FALSE	UK	T00-T01	mmpL4	IMFOIEKC_00836	11	FMEAJKJL_13___16142	VT_261___FMEAJKJL_13___16142
ERR3566237	redW~~~acdA_3	0.914286	VT_261	ERR3566237	0.6707734428473648	2015-02-02	Van Tonder	97.4682277594316	TRUE	FALSE	UK	T00-T01	acdA	IMFOIEKC_02533	8	FMEAJKJL_22___30069	VT_261___FMEAJKJL_22___30069
ERR3468832	pks1_2~~~acpP_1~~~pks1_1~~~acpP_3~~~pikAII	0.051948	VT_267	ERR3468832	0.4216290212183436	2014-04-22	Van Tonder	99.56982793117244	TRUE	FALSE	UK	T00-T01	acpP	IMFOIEKC_02535	17	DBJLGJNH_3___46002	VT_267___DBJLGJNH_3___46002
ERR3468832	pks1_2~~~acpP_1~~~pks1_1~~~acpP_3~~~pikAII	0.080645	VT_267	ERR3468832	0.4216290212183436	2014-04-22	Van Tonder	99.56982793117244	TRUE	FALSE	UK	T00-T01	acpP	IMFOIEKC_02535	17	DBJLGJNH_3___51424	VT_267___DBJLGJNH_3___51424
ERR4022294	cwlM	0.30303	VT_275	ERR4022294	0.6926762491444216	2013-10-10	Van Tonder	99.92995797478486	TRUE	FALSE	UK	T00-T01	cwlM	IMFOIEKC_04632	8	KIMDEMNO_7___198621	VT_275___KIMDEMNO_7___198621
ERR4022294	yehZ	0.066667	VT_275	ERR4022294	0.6926762491444216	2013-10-10	Van Tonder	99.92995797478486	TRUE	FALSE	UK	T00-T01	yehZ	IMFOIEKC_00198	12	KIMDEMNO_12___170179	VT_275___KIMDEMNO_12___170179
ERR12861904	cytR	0.108696	Wetzstein_007	ERR12861904	3.758904109589041	2018-10-29	Wetzstein	99.6594551282051	TRUE	FALSE	Germany	T00-T01	cytR	IMFOIEKC_04593	8	CDNNAMKO_11___62318	Wetzstein_007___CDNNAMKO_11___62318
ERR12861904	mmpL5_1~~~mmpL4_4~~~mmpL4_9~~~mmpL4_3	0.089286	Wetzstein_007	ERR12861904	3.758904109589041	2018-10-29	Wetzstein	99.6594551282051	TRUE	FALSE	Germany	T00-T01	mmpL4	IMFOIEKC_00836	11	CDNNAMKO_27___43758	Wetzstein_007___CDNNAMKO_27___43758
ERR12861672	mtrB	0.242857	Wetzstein_024	ERR12861672	1.3232876712328767	2016-01-20	Wetzstein	99.48969381628974	TRUE	FALSE	Germany	T00-T01	mtrB	IMFOIEKC_03636	10	GANFDDPG_57___18915	Wetzstein_024___GANFDDPG_57___18915
ERR12861672	mtrB	0.085714	Wetzstein_024	ERR12861672	1.3232876712328767	2016-01-20	Wetzstein	99.48969381628974	TRUE	FALSE	Germany	T00-T01	mtrB	IMFOIEKC_03636	10	GANFDDPG_57___19629	Wetzstein_024___GANFDDPG_57___19629
ERR12861560	dhbF_5~~~dhbF_4~~~dhbF_2~~~dhbF_1~~~lgrB_1~~~lgrB~~~lgrD_4~~~dhbF_6~~~dhbF_3~~~dltA~~~dltA_1~~~dltA_2	0.057143	Wetzstein_047	ERR12861560	10.35890410958904	2018-09-04	Wetzstein	99.88987886675342	TRUE	FALSE	Germany	T00-T01	dltA	IMFOIEKC_01385	16	BIBIJBLB_17___21851	Wetzstein_047___BIBIJBLB_17___21851
ERR12861503	pks1_2~~~acpP_1~~~pks1_1~~~acpP_3~~~pikAII	0.068966	Wetzstein_065	ERR12861503	1.263013698630137	2014-09-02	Wetzstein	99.54945935122144	TRUE	FALSE	Germany	T00-T01	acpP	IMFOIEKC_02535	17	HMANOFGM_1___244150	Wetzstein_065___HMANOFGM_1___244150
ERR12861503	glgE	0.090909	Wetzstein_065	ERR12861503	1.263013698630137	2014-09-02	Wetzstein	99.54945935122144	TRUE	FALSE	Germany	T00-T01	glgE	IMFOIEKC_02756	7	HMANOFGM_24___14928	Wetzstein_065___HMANOFGM_24___14928
ERR12861602	dhbF_5~~~dhbF_4~~~dhbF_2~~~dhbF_1~~~lgrB_1~~~lgrB~~~lgrD_4~~~dhbF_6~~~dhbF_3~~~dltA~~~dltA_1~~~dltA_2	0.053846	Wetzstein_090	ERR12861602	0.07397260273972603	2020-04-09	Wetzstein	98.29829829829826	TRUE	FALSE	Germany	T00-T01	dltA	IMFOIEKC_01385	16	HIDFPCKK_8___65879	Wetzstein_090___HIDFPCKK_8___65879
ERR12861602	dhbF_5~~~dhbF_4~~~dhbF_2~~~dhbF_1~~~lgrB_1~~~lgrB~~~lgrD_4~~~dhbF_6~~~dhbF_3~~~dltA~~~dltA_1~~~dltA_2	0.05042	Wetzstein_090	ERR12861602	0.07397260273972603	2020-04-09	Wetzstein	98.29829829829826	TRUE	FALSE	Germany	T00-T01	dltA	IMFOIEKC_01385	16	HIDFPCKK_8___83840	Wetzstein_090___HIDFPCKK_8___83840
ERR12861602	dhbF_5~~~dhbF_4~~~dhbF_2~~~dhbF_1~~~lgrB_1~~~lgrB~~~lgrD_4~~~dhbF_6~~~dhbF_3~~~dltA~~~dltA_1~~~dltA_2	0.066116	Wetzstein_090	ERR12861602	0.07397260273972603	2020-04-09	Wetzstein	98.29829829829826	TRUE	FALSE	Germany	T00-T01	dltA	IMFOIEKC_01385	16	HIDFPCKK_8___90542	Wetzstein_090___HIDFPCKK_8___90542
ERR12861602	pks1_2~~~acpP_1~~~pks1_1~~~acpP_3~~~pikAII	0.059259	Wetzstein_090	ERR12861602	0.07397260273972603	2020-04-09	Wetzstein	98.29829829829826	TRUE	FALSE	Germany	T00-T01	acpP	IMFOIEKC_02535	17	HIDFPCKK_31___30744	Wetzstein_090___HIDFPCKK_31___30744
ERR12861602	feaB_2~~~feaB~~~styD_3	0.044776	Wetzstein_090	ERR12861602	0.07397260273972603	2020-04-09	Wetzstein	98.29829829829826	TRUE	FALSE	Germany	T00-T01	feaB	IMFOIEKC_02024	9	HIDFPCKK_45___19760	Wetzstein_090___HIDFPCKK_45___19760
ERR12861546	metG	0.075269	Wetzstein_132	ERR12861546	0.1095890410958904	2018-02-12	Wetzstein	99.45935122146572	TRUE	FALSE	Germany	T00-T01	metG	IMFOIEKC_03104	8	HFCJHIKB_9___146170	Wetzstein_132___HFCJHIKB_9___146170
ERR12861546	rpoB~~~rpoB_2	0.055556	Wetzstein_132	ERR12861546	0.1095890410958904	2018-02-12	Wetzstein	99.45935122146572	TRUE	FALSE	Germany	T00-T01	rpoB	IMFOIEKC_03925	10	HFCJHIKB_14___19320	Wetzstein_132___HFCJHIKB_14___19320
ERR12861546	dhbF_5~~~dhbF_4~~~dhbF_2~~~dhbF_1~~~lgrB_1~~~lgrB~~~lgrD_4~~~dhbF_6~~~dhbF_3~~~dltA~~~dltA_1~~~dltA_2	0.098361	Wetzstein_132	ERR12861546	0.1095890410958904	2018-02-12	Wetzstein	99.45935122146572	TRUE	FALSE	Germany	T00-T01	dltA	IMFOIEKC_01385	16	HFCJHIKB_23___45481	Wetzstein_132___HFCJHIKB_23___45481
ERR12861546	napA_3~~~cysJ~~~napA_1	0.058252	Wetzstein_132	ERR12861546	0.1095890410958904	2018-02-12	Wetzstein	99.45935122146572	TRUE	FALSE	Germany	T00-T01	napA	IMFOIEKC_02319	13	HFCJHIKB_39___23953	Wetzstein_132___HFCJHIKB_39___23953
ERR12861473	dhbF_5~~~dhbF_4~~~dhbF_2~~~dhbF_1~~~lgrB_1~~~lgrB~~~lgrD_4~~~dhbF_6~~~dhbF_3~~~dltA~~~dltA_1~~~dltA_2	0.098361	Wetzstein_144	ERR12861473	1.16986301369863	2010-01-05	Wetzstein	99.28921813995392	TRUE	FALSE	Germany	T00-T01	dltA	IMFOIEKC_01385	16	MCGCPMGM_30___9212	Wetzstein_144___MCGCPMGM_30___9212
ERR12861593	dhbF_5~~~dhbF_4~~~dhbF_2~~~dhbF_1~~~lgrB_1~~~lgrB~~~lgrD_4~~~dhbF_6~~~dhbF_3~~~dltA~~~dltA_1~~~dltA_2	0.057143	Wetzstein_194	ERR12861593	1.5671232876712329	2020-02-24	Wetzstein	99.54959463517166	TRUE	FALSE	Germany	T00-T01	dltA	IMFOIEKC_01385	16	BGHGNMHH_5___140769	Wetzstein_194___BGHGNMHH_5___140769
ERR12861593	dhbF_5~~~dhbF_4~~~dhbF_2~~~dhbF_1~~~lgrB_1~~~lgrB~~~lgrD_4~~~dhbF_6~~~dhbF_3~~~dltA~~~dltA_1~~~dltA_2	0.093023	Wetzstein_194	ERR12861593	1.5671232876712329	2020-02-24	Wetzstein	99.54959463517166	TRUE	FALSE	Germany	T00-T01	dltA	IMFOIEKC_01385	16	BGHGNMHH_5___151501	Wetzstein_194___BGHGNMHH_5___151501
23IE193_S32_L001	redW~~~acdA_3	0.076923	P13	ERS22133317	4.243835616438356	2015-05-14	Present	99.82567678424934	TRUE	FALSE	Ireland	T01-T02	acdA	IMFOIEKC_02533	8	OKKMABND_10___26742	P13___OKKMABND_10___26742
23IE193_S32_L001	mtrB	0.595506	P13	ERS22133317	4.243835616438356	2015-05-14	Present	99.82567678424934	TRUE	FALSE	Ireland	T01-T02	mtrB	IMFOIEKC_03636	10	OKKMABND_16___51166	P13___OKKMABND_16___51166
ERR3337543	yehZ	0.060976	VT_104	ERR3337543	0.0657084188911704	2013-11-03	Van Tonder	99.53967777444208	TRUE	FALSE	UK	T01-T02	yehZ	IMFOIEKC_00198	12	GKCEFDNB_3___231725	VT_104___GKCEFDNB_3___231725
ERR3524821	glgE	0.097561	VT_169	ERR3524821	1.5605749486652978	2015-03-13	Van Tonder	99.6298149074537	TRUE	FALSE	UK	T01-T02	glgE	IMFOIEKC_02756	7	HLCHODLH_3___291793	VT_169___HLCHODLH_3___291793
ERR4022306	yehZ	0.070588	VT_260	ERR4022306	0.6844626967830253	2013-10-09	Van Tonder	99.76990796318526	TRUE	FALSE	UK	T01-T02	yehZ	IMFOIEKC_00198	12	CAJOEOBH_7___186683	VT_260___CAJOEOBH_7___186683
ERR4022309	yehZ	0.102041	VT_261	ERR4022309	1.483915126625599	2015-11-26	Van Tonder	98.12831548393554	TRUE	FALSE	UK	T01-T02	yehZ	IMFOIEKC_00198	12	FMEAJKJL_1___155344	VT_261___FMEAJKJL_1___155344
ERR4022309	mmpL5_1~~~mmpL4_4~~~mmpL4_9~~~mmpL4_3	0.918367	VT_261	ERR4022309	1.483915126625599	2015-11-26	Van Tonder	98.12831548393554	TRUE	FALSE	UK	T01-T02	mmpL4	IMFOIEKC_00836	11	FMEAJKJL_13___16142	VT_261___FMEAJKJL_13___16142
ERR4022309	redW~~~acdA_3	0.97619	VT_261	ERR4022309	1.483915126625599	2015-11-26	Van Tonder	98.12831548393554	TRUE	FALSE	UK	T01-T02	acdA	IMFOIEKC_02533	8	FMEAJKJL_22___30069	VT_261___FMEAJKJL_22___30069
ERR3468916	cytR	0.075472	VT_267	ERR3468916	0.840520191649555	2014-09-22	Van Tonder	99.65982991495746	TRUE	FALSE	UK	T01-T02	cytR	IMFOIEKC_04593	8	DBJLGJNH_10___77034	VT_267___DBJLGJNH_10___77034
ERR3337595	cwlM	0.309524	VT_275	ERR3337595	1.4182067077344285	2014-07-02	Van Tonder	99.879939969985	TRUE	FALSE	UK	T01-T02	cwlM	IMFOIEKC_04632	8	KIMDEMNO_7___198621	VT_275___KIMDEMNO_7___198621
ERR12861559	glgE	0.040201	Wetzstein_024	ERR12861559	3.9726027397260273	2018-09-13	Wetzstein	99.5194714185604	TRUE	FALSE	Germany	T01-T02	glgE	IMFOIEKC_02756	7	GANFDDPG_1___175332	Wetzstein_024___GANFDDPG_1___175332
ERR12861559	dhbF_5~~~dhbF_4~~~dhbF_2~~~dhbF_1~~~lgrB_1~~~lgrB~~~lgrD_4~~~dhbF_6~~~dhbF_3~~~dltA~~~dltA_1~~~dltA_2	0.092308	Wetzstein_024	ERR12861559	3.9726027397260273	2018-09-13	Wetzstein	99.5194714185604	TRUE	FALSE	Germany	T01-T02	dltA	IMFOIEKC_01385	16	GANFDDPG_11___22320	Wetzstein_024___GANFDDPG_11___22320
ERR12861559	pks1_2~~~acpP_1~~~pks1_1~~~acpP_3~~~pikAII	0.048387	Wetzstein_024	ERR12861559	3.9726027397260273	2018-09-13	Wetzstein	99.5194714185604	TRUE	FALSE	Germany	T01-T02	acpP	IMFOIEKC_02535	17	GANFDDPG_13___43436	Wetzstein_024___GANFDDPG_13___43436
ERR12861581	dhbF_5~~~dhbF_4~~~dhbF_2~~~dhbF_1~~~lgrB_1~~~lgrB~~~lgrD_4~~~dhbF_6~~~dhbF_3~~~dltA~~~dltA_1~~~dltA_2	0.076923	Wetzstein_046	ERR12861581	1.2493150684931509	2019-06-06	Wetzstein	99.53944733680414	TRUE	FALSE	Germany	T01-T02	dltA	IMFOIEKC_01385	16	NAEIJJDF_1___210831	Wetzstein_046___NAEIJJDF_1___210831
ERR12861581	dhbF_5~~~dhbF_4~~~dhbF_2~~~dhbF_1~~~lgrB_1~~~lgrB~~~lgrD_4~~~dhbF_6~~~dhbF_3~~~dltA~~~dltA_1~~~dltA_2	0.101695	Wetzstein_046	ERR12861581	1.2493150684931509	2019-06-06	Wetzstein	99.53944733680414	TRUE	FALSE	Germany	T01-T02	dltA	IMFOIEKC_01385	16	NAEIJJDF_1___212705	Wetzstein_046___NAEIJJDF_1___212705
ERR12861581	dhbF_5~~~dhbF_4~~~dhbF_2~~~dhbF_1~~~lgrB_1~~~lgrB~~~lgrD_4~~~dhbF_6~~~dhbF_3~~~dltA~~~dltA_1~~~dltA_2	0.089286	Wetzstein_046	ERR12861581	1.2493150684931509	2019-06-06	Wetzstein	99.53944733680414	TRUE	FALSE	Germany	T01-T02	dltA	IMFOIEKC_01385	16	NAEIJJDF_1___219459	Wetzstein_046___NAEIJJDF_1___219459
ERR12861581	redW~~~acdA_3	0.078947	Wetzstein_046	ERR12861581	1.2493150684931509	2019-06-06	Wetzstein	99.53944733680414	TRUE	FALSE	Germany	T01-T02	acdA	IMFOIEKC_02533	8	NAEIJJDF_16___28950	Wetzstein_046___NAEIJJDF_16___28950
ERR12861581	yehZ	0.073684	Wetzstein_046	ERR12861581	1.2493150684931509	2019-06-06	Wetzstein	99.53944733680414	TRUE	FALSE	Germany	T01-T02	yehZ	IMFOIEKC_00198	12	NAEIJJDF_17___12446	Wetzstein_046___NAEIJJDF_17___12446
ERR12861581	mmpL5_1~~~mmpL4_4~~~mmpL4_9~~~mmpL4_3	0.077519	Wetzstein_046	ERR12861581	1.2493150684931509	2019-06-06	Wetzstein	99.53944733680414	TRUE	FALSE	Germany	T01-T02	mmpL4	IMFOIEKC_00836	11	NAEIJJDF_20___10628	Wetzstein_046___NAEIJJDF_20___10628
ERR12861581	mmpL5_1~~~mmpL4_4~~~mmpL4_9~~~mmpL4_3	0.058252	Wetzstein_046	ERR12861581	1.2493150684931509	2019-06-06	Wetzstein	99.53944733680414	TRUE	FALSE	Germany	T01-T02	mmpL4	IMFOIEKC_00836	11	NAEIJJDF_20___11114	Wetzstein_046___NAEIJJDF_20___11114
ERR12861581	napA_3~~~cysJ~~~napA_1	0.111111	Wetzstein_046	ERR12861581	1.2493150684931509	2019-06-06	Wetzstein	99.53944733680414	TRUE	FALSE	Germany	T01-T02	napA	IMFOIEKC_02319	13	NAEIJJDF_55___24386	Wetzstein_046___NAEIJJDF_55___24386
ERR12861568	napA_3~~~cysJ~~~napA_1	0.074074	Wetzstein_047	ERR12861568	10.608219178082193	2018-12-04	Wetzstein	99.909882847702	TRUE	FALSE	Germany	T01-T02	napA	IMFOIEKC_02319	13	BIBIJBLB_3___101758	Wetzstein_047___BIBIJBLB_3___101758
ERR12861568	napA_3~~~cysJ~~~napA_1	0.063158	Wetzstein_047	ERR12861568	10.608219178082193	2018-12-04	Wetzstein	99.909882847702	TRUE	FALSE	Germany	T01-T02	napA	IMFOIEKC_02319	13	BIBIJBLB_3___104022	Wetzstein_047___BIBIJBLB_3___104022
ERR12861568	rpoB~~~rpoB_2	0.056075	Wetzstein_047	ERR12861568	10.608219178082193	2018-12-04	Wetzstein	99.909882847702	TRUE	FALSE	Germany	T01-T02	rpoB	IMFOIEKC_03925	10	BIBIJBLB_14___21245	Wetzstein_047___BIBIJBLB_14___21245
ERR12861568	dhbF_5~~~dhbF_4~~~dhbF_2~~~dhbF_1~~~lgrB_1~~~lgrB~~~lgrD_4~~~dhbF_6~~~dhbF_3~~~dltA~~~dltA_1~~~dltA_2	0.163265	Wetzstein_047	ERR12861568	10.608219178082193	2018-12-04	Wetzstein	99.909882847702	TRUE	FALSE	Germany	T01-T02	dltA	IMFOIEKC_01385	16	BIBIJBLB_17___14693	Wetzstein_047___BIBIJBLB_17___14693
ERR12861568	dhbF_5~~~dhbF_4~~~dhbF_2~~~dhbF_1~~~lgrB_1~~~lgrB~~~lgrD_4~~~dhbF_6~~~dhbF_3~~~dltA~~~dltA_1~~~dltA_2	0.155556	Wetzstein_047	ERR12861568	10.608219178082193	2018-12-04	Wetzstein	99.909882847702	TRUE	FALSE	Germany	T01-T02	dltA	IMFOIEKC_01385	16	BIBIJBLB_17___26948	Wetzstein_047___BIBIJBLB_17___26948
ERR12861568	cwlM	1	Wetzstein_047	ERR12861568	10.608219178082193	2018-12-04	Wetzstein	99.909882847702	TRUE	FALSE	Germany	T01-T02	cwlM	IMFOIEKC_04632	8	BIBIJBLB_57___19642	Wetzstein_047___BIBIJBLB_57___19642
ERR12861510	pks1_2~~~acpP_1~~~pks1_1~~~acpP_3~~~pikAII	0.082353	Wetzstein_065	ERR12861510	1.797260273972603	2015-03-16	Wetzstein	99.54945935122144	TRUE	FALSE	Germany	T01-T02	acpP	IMFOIEKC_02535	17	HMANOFGM_1___247117	Wetzstein_065___HMANOFGM_1___247117
ERR12861510	napA_3~~~cysJ~~~napA_1	0.066667	Wetzstein_065	ERR12861510	1.797260273972603	2015-03-16	Wetzstein	99.54945935122144	TRUE	FALSE	Germany	T01-T02	napA	IMFOIEKC_02319	13	HMANOFGM_1___393093	Wetzstein_065___HMANOFGM_1___393093
ERR12861510	cwlM	0.056452	Wetzstein_065	ERR12861510	1.797260273972603	2015-03-16	Wetzstein	99.54945935122144	TRUE	FALSE	Germany	T01-T02	cwlM	IMFOIEKC_04632	8	HMANOFGM_3___18725	Wetzstein_065___HMANOFGM_3___18725
ERR12861510	cytR	0.410959	Wetzstein_065	ERR12861510	1.797260273972603	2015-03-16	Wetzstein	99.54945935122144	TRUE	FALSE	Germany	T01-T02	cytR	IMFOIEKC_04593	8	HMANOFGM_3___70826	Wetzstein_065___HMANOFGM_3___70826
ERR12861605	mtrB	0.082645	Wetzstein_090	ERR12861605	0.22465753424657536	2020-06-03	Wetzstein	98.27810591650812	TRUE	FALSE	Germany	T01-T02	mtrB	IMFOIEKC_03636	10	HIDFPCKK_7___78430	Wetzstein_090___HIDFPCKK_7___78430
ERR12861605	dhbF_5~~~dhbF_4~~~dhbF_2~~~dhbF_1~~~lgrB_1~~~lgrB~~~lgrD_4~~~dhbF_6~~~dhbF_3~~~dltA~~~dltA_1~~~dltA_2	0.055172	Wetzstein_090	ERR12861605	0.22465753424657536	2020-06-03	Wetzstein	98.27810591650812	TRUE	FALSE	Germany	T01-T02	dltA	IMFOIEKC_01385	16	HIDFPCKK_8___77400	Wetzstein_090___HIDFPCKK_8___77400
ERR12861621	cwlM	0.123596	Wetzstein_132	ERR12861621	3.0054794520547947	2021-01-04	Wetzstein	98.43749999999996	TRUE	FALSE	Germany	T01-T02	cwlM	IMFOIEKC_04632	8	HFCJHIKB_5___41681	Wetzstein_132___HFCJHIKB_5___41681
ERR12861621	mtrB	0.094595	Wetzstein_132	ERR12861621	3.0054794520547947	2021-01-04	Wetzstein	98.43749999999996	TRUE	FALSE	Germany	T01-T02	mtrB	IMFOIEKC_03636	10	HFCJHIKB_16___28973	Wetzstein_132___HFCJHIKB_16___28973
ERR12861621	dhbF_5~~~dhbF_4~~~dhbF_2~~~dhbF_1~~~lgrB_1~~~lgrB~~~lgrD_4~~~dhbF_6~~~dhbF_3~~~dltA~~~dltA_1~~~dltA_2	0.057143	Wetzstein_132	ERR12861621	3.0054794520547947	2021-01-04	Wetzstein	98.43749999999996	TRUE	FALSE	Germany	T01-T02	dltA	IMFOIEKC_01385	16	HFCJHIKB_23___36565	Wetzstein_132___HFCJHIKB_23___36565
ERR12861621	dhbF_5~~~dhbF_4~~~dhbF_2~~~dhbF_1~~~lgrB_1~~~lgrB~~~lgrD_4~~~dhbF_6~~~dhbF_3~~~dltA~~~dltA_1~~~dltA_2	0.090909	Wetzstein_132	ERR12861621	3.0054794520547947	2021-01-04	Wetzstein	98.43749999999996	TRUE	FALSE	Germany	T01-T02	dltA	IMFOIEKC_01385	16	HFCJHIKB_23___40864	Wetzstein_132___HFCJHIKB_23___40864
ERR12861635	napA_3~~~cysJ~~~napA_1	0.061224	Wetzstein_194	ERR12861635	2.8219178082191783	2021-05-27	Wetzstein	99.61950535696404	TRUE	FALSE	Germany	T01-T02	napA	IMFOIEKC_02319	13	BGHGNMHH_7___86328	Wetzstein_194___BGHGNMHH_7___86328
ERR12861635	mmpL5_1~~~mmpL4_4~~~mmpL4_9~~~mmpL4_3	0.052174	Wetzstein_194	ERR12861635	2.8219178082191783	2021-05-27	Wetzstein	99.61950535696404	TRUE	FALSE	Germany	T01-T02	mmpL4	IMFOIEKC_00836	11	BGHGNMHH_12___76020	Wetzstein_194___BGHGNMHH_12___76020
ERR12861635	yehZ	0.055556	Wetzstein_194	ERR12861635	2.8219178082191783	2021-05-27	Wetzstein	99.61950535696404	TRUE	FALSE	Germany	T01-T02	yehZ	IMFOIEKC_00198	12	BGHGNMHH_15___83802	Wetzstein_194___BGHGNMHH_15___83802
ERR12861635	feaB_2~~~feaB~~~styD_3	0.095238	Wetzstein_194	ERR12861635	2.8219178082191783	2021-05-27	Wetzstein	99.61950535696404	TRUE	FALSE	Germany	T01-T02	feaB	IMFOIEKC_02024	9	BGHGNMHH_22___14291	Wetzstein_194___BGHGNMHH_22___14291
23IE206_S45_L001	mtrB	0.068376	P07	ERS22133330	9.553424657534247	2021-04-20	Present	99.8191318327974	TRUE	FALSE	Ireland	T02-T03	mtrB	IMFOIEKC_03636	10	HJKHHKDF_68___7898	P07___HJKHHKDF_68___7898
ERR3337416	cwlM	0.817391	VT_070	ERR3337416	0.3258042436687201	2013-06-26	Van Tonder	99.77988994497244	TRUE	FALSE	UK	T02-T03	cwlM	IMFOIEKC_04632	8	BGLKEILP_35___19445	VT_070___BGLKEILP_35___19445
ERR3337416	napA_3~~~cysJ~~~napA_1	0.053763	VT_070	ERR3337416	0.3258042436687201	2013-06-26	Van Tonder	99.77988994497244	TRUE	FALSE	UK	T02-T03	napA	IMFOIEKC_02319	13	BGLKEILP_36___340	VT_070___BGLKEILP_36___340
ERR3337469	yehZ	0.053097	VT_104	ERR3337469	0.2655715263518138	2014-01-15	Van Tonder	99.29957974784868	TRUE	FALSE	UK	T02-T03	yehZ	IMFOIEKC_00198	12	GKCEFDNB_3___231725	VT_104___GKCEFDNB_3___231725
ERR3337469	napA_3~~~cysJ~~~napA_1	0.045045	VT_104	ERR3337469	0.2655715263518138	2014-01-15	Van Tonder	99.29957974784868	TRUE	FALSE	UK	T02-T03	napA	IMFOIEKC_02319	13	GKCEFDNB_40___30629	VT_104___GKCEFDNB_40___30629
ERR4022377	yehZ	0.072289	VT_218	ERR4022377	0.1149897330595482	2013-04-02	Van Tonder	98.34917458729365	TRUE	FALSE	UK	T02-T03	yehZ	IMFOIEKC_00198	12	MOMHJPII_35___8639	VT_218___MOMHJPII_35___8639
ERR3337544	yehZ	0.068493	VT_260	ERR3337544	1.325119780971937	2014-05-31	Van Tonder	99.78993698109431	TRUE	FALSE	UK	T02-T03	yehZ	IMFOIEKC_00198	12	CAJOEOBH_7___186683	VT_260___CAJOEOBH_7___186683
ERR4022333	mmpL5_1~~~mmpL4_4~~~mmpL4_9~~~mmpL4_3	0.966102	VT_261	ERR4022333	1.497604380561259	2015-12-01	Van Tonder	98.04902451225612	TRUE	FALSE	UK	T02-T03	mmpL4	IMFOIEKC_00836	11	FMEAJKJL_13___16142	VT_261___FMEAJKJL_13___16142
ERR4022333	redW~~~acdA_3	0.962264	VT_261	ERR4022333	1.497604380561259	2015-12-01	Van Tonder	98.04902451225612	TRUE	FALSE	UK	T02-T03	acdA	IMFOIEKC_02533	8	FMEAJKJL_22___30069	VT_261___FMEAJKJL_22___30069
ERR3468891	pks1_2~~~acpP_1~~~pks1_1~~~acpP_3~~~pikAII	0.061728	VT_275	ERR3468891	1.5742642026009583	2014-08-28	Van Tonder	99.63978387032218	TRUE	FALSE	UK	T02-T03	acpP	IMFOIEKC_02535	17	KIMDEMNO_2___46466	VT_275___KIMDEMNO_2___46466
ERR3468891	pks1_2~~~acpP_1~~~pks1_1~~~acpP_3~~~pikAII	0.139241	VT_275	ERR3468891	1.5742642026009583	2014-08-28	Van Tonder	99.63978387032218	TRUE	FALSE	UK	T02-T03	acpP	IMFOIEKC_02535	17	KIMDEMNO_2___48041	VT_275___KIMDEMNO_2___48041
ERR3468891	pks1_2~~~acpP_1~~~pks1_1~~~acpP_3~~~pikAII	0.059524	VT_275	ERR3468891	1.5742642026009583	2014-08-28	Van Tonder	99.63978387032218	TRUE	FALSE	UK	T02-T03	acpP	IMFOIEKC_02535	17	KIMDEMNO_2___49724	VT_275___KIMDEMNO_2___49724
ERR3468891	glgE	0.057143	VT_275	ERR3468891	1.5742642026009583	2014-08-28	Van Tonder	99.63978387032218	TRUE	FALSE	UK	T02-T03	glgE	IMFOIEKC_02756	7	KIMDEMNO_2___289727	VT_275___KIMDEMNO_2___289727
ERR3468891	dhbF_5~~~dhbF_4~~~dhbF_2~~~dhbF_1~~~lgrB_1~~~lgrB~~~lgrD_4~~~dhbF_6~~~dhbF_3~~~dltA~~~dltA_1~~~dltA_2	0.049383	VT_275	ERR3468891	1.5742642026009583	2014-08-28	Van Tonder	99.63978387032218	TRUE	FALSE	UK	T02-T03	dltA	IMFOIEKC_01385	16	KIMDEMNO_14___58436	VT_275___KIMDEMNO_14___58436
ERR3468891	dhbF_5~~~dhbF_4~~~dhbF_2~~~dhbF_1~~~lgrB_1~~~lgrB~~~lgrD_4~~~dhbF_6~~~dhbF_3~~~dltA~~~dltA_1~~~dltA_2	0.082192	VT_275	ERR3468891	1.5742642026009583	2014-08-28	Van Tonder	99.63978387032218	TRUE	FALSE	UK	T02-T03	dltA	IMFOIEKC_01385	16	KIMDEMNO_14___77091	VT_275___KIMDEMNO_14___77091
ERR3468891	dhbF_5~~~dhbF_4~~~dhbF_2~~~dhbF_1~~~lgrB_1~~~lgrB~~~lgrD_4~~~dhbF_6~~~dhbF_3~~~dltA~~~dltA_1~~~dltA_2	0.052632	VT_275	ERR3468891	1.5742642026009583	2014-08-28	Van Tonder	99.63978387032218	TRUE	FALSE	UK	T02-T03	dltA	IMFOIEKC_01385	16	KIMDEMNO_14___81447	VT_275___KIMDEMNO_14___81447
ERR3468891	feaB_2~~~feaB~~~styD_3	0.057971	VT_275	ERR3468891	1.5742642026009583	2014-08-28	Van Tonder	99.63978387032218	TRUE	FALSE	UK	T02-T03	feaB	IMFOIEKC_02024	9	KIMDEMNO_15___80495	VT_275___KIMDEMNO_15___80495
ERR3468891	metG	0.076923	VT_275	ERR3468891	1.5742642026009583	2014-08-28	Van Tonder	99.63978387032218	TRUE	FALSE	UK	T02-T03	metG	IMFOIEKC_03104	8	KIMDEMNO_31___49488	VT_275___KIMDEMNO_31___49488
ERR12861579	metG	0.061856	Wetzstein_046	ERR12861579	1.282191780821918	2019-06-18	Wetzstein	99.53940122158808	TRUE	FALSE	Germany	T02-T03	metG	IMFOIEKC_03104	8	NAEIJJDF_11___44567	Wetzstein_046___NAEIJJDF_11___44567
ERR12861579	pks1_2~~~acpP_1~~~pks1_1~~~acpP_3~~~pikAII	0.078947	Wetzstein_046	ERR12861579	1.282191780821918	2019-06-18	Wetzstein	99.53940122158808	TRUE	FALSE	Germany	T02-T03	acpP	IMFOIEKC_02535	17	NAEIJJDF_16___30227	Wetzstein_046___NAEIJJDF_16___30227
ERR12861579	mmpL5_1~~~mmpL4_4~~~mmpL4_9~~~mmpL4_3	0.042254	Wetzstein_046	ERR12861579	1.282191780821918	2019-06-18	Wetzstein	99.53940122158808	TRUE	FALSE	Germany	T02-T03	mmpL4	IMFOIEKC_00836	11	NAEIJJDF_20___10957	Wetzstein_046___NAEIJJDF_20___10957
ERR12861572	metG	0.061856	Wetzstein_047	ERR12861572	10.915068493150685	2019-03-26	Wetzstein	99.8698438125751	TRUE	FALSE	Germany	T02-T03	metG	IMFOIEKC_03104	8	BIBIJBLB_12___6671	Wetzstein_047___BIBIJBLB_12___6671
ERR12861572	dhbF_5~~~dhbF_4~~~dhbF_2~~~dhbF_1~~~lgrB_1~~~lgrB~~~lgrD_4~~~dhbF_6~~~dhbF_3~~~dltA~~~dltA_1~~~dltA_2	0.076923	Wetzstein_047	ERR12861572	10.915068493150685	2019-03-26	Wetzstein	99.8698438125751	TRUE	FALSE	Germany	T02-T03	dltA	IMFOIEKC_01385	16	BIBIJBLB_17___12090	Wetzstein_047___BIBIJBLB_17___12090
ERR12861572	dhbF_5~~~dhbF_4~~~dhbF_2~~~dhbF_1~~~lgrB_1~~~lgrB~~~lgrD_4~~~dhbF_6~~~dhbF_3~~~dltA~~~dltA_1~~~dltA_2	0.12069	Wetzstein_047	ERR12861572	10.915068493150685	2019-03-26	Wetzstein	99.8698438125751	TRUE	FALSE	Germany	T02-T03	dltA	IMFOIEKC_01385	16	BIBIJBLB_17___17922	Wetzstein_047___BIBIJBLB_17___17922
ERR12861572	dhbF_5~~~dhbF_4~~~dhbF_2~~~dhbF_1~~~lgrB_1~~~lgrB~~~lgrD_4~~~dhbF_6~~~dhbF_3~~~dltA~~~dltA_1~~~dltA_2	0.077922	Wetzstein_047	ERR12861572	10.915068493150685	2019-03-26	Wetzstein	99.8698438125751	TRUE	FALSE	Germany	T02-T03	dltA	IMFOIEKC_01385	16	BIBIJBLB_17___25412	Wetzstein_047___BIBIJBLB_17___25412
ERR12861572	dhbF_5~~~dhbF_4~~~dhbF_2~~~dhbF_1~~~lgrB_1~~~lgrB~~~lgrD_4~~~dhbF_6~~~dhbF_3~~~dltA~~~dltA_1~~~dltA_2	0.088889	Wetzstein_047	ERR12861572	10.915068493150685	2019-03-26	Wetzstein	99.8698438125751	TRUE	FALSE	Germany	T02-T03	dltA	IMFOIEKC_01385	16	BIBIJBLB_17___34142	Wetzstein_047___BIBIJBLB_17___34142
ERR12861514	rpoB~~~rpoB_2	0.057143	Wetzstein_065	ERR12861514	2.0493150684931507	2015-06-16	Wetzstein	99.61954345214257	TRUE	FALSE	Germany	T02-T03	rpoB	IMFOIEKC_03925	10	HMANOFGM_55___10631	Wetzstein_065___HMANOFGM_55___10631
ERR12861612	cytR	0.063158	Wetzstein_090	ERR12861612	0.5178082191780822	2020-09-18	Wetzstein	98.28794553464157	TRUE	FALSE	Germany	T02-T03	cytR	IMFOIEKC_04593	8	HIDFPCKK_10___72434	Wetzstein_090___HIDFPCKK_10___72434
ERR12861612	rpoB~~~rpoB_2	0.048387	Wetzstein_090	ERR12861612	0.5178082191780822	2020-09-18	Wetzstein	98.28794553464157	TRUE	FALSE	Germany	T02-T03	rpoB	IMFOIEKC_03925	10	HIDFPCKK_26___18836	Wetzstein_090___HIDFPCKK_26___18836
ERR12861486	cwlM	0.051546	Wetzstein_144	ERR12861486	2.243835616438356	2011-02-01	Wetzstein	99.2490237308501	TRUE	FALSE	Germany	T02-T03	cwlM	IMFOIEKC_04632	8	MCGCPMGM_1___204519	Wetzstein_144___MCGCPMGM_1___204519
ERR12861486	redW~~~acdA_3	0.044776	Wetzstein_144	ERR12861486	2.243835616438356	2011-02-01	Wetzstein	99.2490237308501	TRUE	FALSE	Germany	T02-T03	acdA	IMFOIEKC_02533	8	MCGCPMGM_10___42050	Wetzstein_144___MCGCPMGM_10___42050
ERR12861486	pks1_2~~~acpP_1~~~pks1_1~~~acpP_3~~~pikAII	0.043165	Wetzstein_144	ERR12861486	2.243835616438356	2011-02-01	Wetzstein	99.2490237308501	TRUE	FALSE	Germany	T02-T03	acpP	IMFOIEKC_02535	17	MCGCPMGM_10___45985	Wetzstein_144___MCGCPMGM_10___45985
ERR12861486	pks1_2~~~acpP_1~~~pks1_1~~~acpP_3~~~pikAII	0.05042	Wetzstein_144	ERR12861486	2.243835616438356	2011-02-01	Wetzstein	99.2490237308501	TRUE	FALSE	Germany	T02-T03	acpP	IMFOIEKC_02535	17	MCGCPMGM_10___53410	Wetzstein_144___MCGCPMGM_10___53410
ERR12861486	feaB_2~~~feaB~~~styD_3	0.060606	Wetzstein_144	ERR12861486	2.243835616438356	2011-02-01	Wetzstein	99.2490237308501	TRUE	FALSE	Germany	T02-T03	feaB	IMFOIEKC_02024	9	MCGCPMGM_16___72090	Wetzstein_144___MCGCPMGM_16___72090
ERR3337613	yehZ	0.052632	VT_070	ERR3337613	0.4982888432580424	2013-08-28	Van Tonder	99.90995497748874	TRUE	FALSE	UK	T03-T04	yehZ	IMFOIEKC_00198	12	BGLKEILP_18___13200	VT_070___BGLKEILP_18___13200
ERR3468884	pks1_2~~~acpP_1~~~pks1_1~~~acpP_3~~~pikAII	0.083333	VT_260	ERR3468884	1.6673511293634498	2014-10-03	Van Tonder	99.3096548274137	TRUE	FALSE	UK	T03-T04	acpP	IMFOIEKC_02535	17	CAJOEOBH_9___48038	VT_260___CAJOEOBH_9___48038
ERR3468884	feaB_2~~~feaB~~~styD_3	0.102041	VT_260	ERR3468884	1.6673511293634498	2014-10-03	Van Tonder	99.3096548274137	TRUE	FALSE	UK	T03-T04	feaB	IMFOIEKC_02024	9	CAJOEOBH_20___81082	VT_260___CAJOEOBH_20___81082
ERR12861580	glgE	0.081395	Wetzstein_047	ERR12861580	11.126027397260271	2019-06-11	Wetzstein	99.859817763092	TRUE	FALSE	Germany	T03-T04	glgE	IMFOIEKC_02756	7	BIBIJBLB_4___123408	Wetzstein_047___BIBIJBLB_4___123408
ERR12861580	rpoB~~~rpoB_2	0.084507	Wetzstein_047	ERR12861580	11.126027397260271	2019-06-11	Wetzstein	99.859817763092	TRUE	FALSE	Germany	T03-T04	rpoB	IMFOIEKC_03925	10	BIBIJBLB_14___20865	Wetzstein_047___BIBIJBLB_14___20865
ERR12861580	dhbF_5~~~dhbF_4~~~dhbF_2~~~dhbF_1~~~lgrB_1~~~lgrB~~~lgrD_4~~~dhbF_6~~~dhbF_3~~~dltA~~~dltA_1~~~dltA_2	0.139535	Wetzstein_047	ERR12861580	11.126027397260271	2019-06-11	Wetzstein	99.859817763092	TRUE	FALSE	Germany	T03-T04	dltA	IMFOIEKC_01385	16	BIBIJBLB_17___9743	Wetzstein_047___BIBIJBLB_17___9743
ERR12861580	dhbF_5~~~dhbF_4~~~dhbF_2~~~dhbF_1~~~lgrB_1~~~lgrB~~~lgrD_4~~~dhbF_6~~~dhbF_3~~~dltA~~~dltA_1~~~dltA_2	0.131579	Wetzstein_047	ERR12861580	11.126027397260271	2019-06-11	Wetzstein	99.859817763092	TRUE	FALSE	Germany	T03-T04	dltA	IMFOIEKC_01385	16	BIBIJBLB_17___14517	Wetzstein_047___BIBIJBLB_17___14517
ERR12861580	dhbF_5~~~dhbF_4~~~dhbF_2~~~dhbF_1~~~lgrB_1~~~lgrB~~~lgrD_4~~~dhbF_6~~~dhbF_3~~~dltA~~~dltA_1~~~dltA_2	0.111111	Wetzstein_047	ERR12861580	11.126027397260271	2019-06-11	Wetzstein	99.859817763092	TRUE	FALSE	Germany	T03-T04	dltA	IMFOIEKC_01385	16	BIBIJBLB_17___33492	Wetzstein_047___BIBIJBLB_17___33492
ERR12861580	mtrB	0.09434	Wetzstein_047	ERR12861580	11.126027397260271	2019-06-11	Wetzstein	99.859817763092	TRUE	FALSE	Germany	T03-T04	mtrB	IMFOIEKC_03636	10	BIBIJBLB_61___19523	Wetzstein_047___BIBIJBLB_61___19523
ERR12861580	mtrB	0.113208	Wetzstein_047	ERR12861580	11.126027397260271	2019-06-11	Wetzstein	99.859817763092	TRUE	FALSE	Germany	T03-T04	mtrB	IMFOIEKC_03636	10	BIBIJBLB_61___20123	Wetzstein_047___BIBIJBLB_61___20123
ERR12861580	feaB_2~~~feaB~~~styD_3	0.113208	Wetzstein_047	ERR12861580	11.126027397260271	2019-06-11	Wetzstein	99.859817763092	TRUE	FALSE	Germany	T03-T04	feaB	IMFOIEKC_02024	9	BIBIJBLB_96___1173	Wetzstein_047___BIBIJBLB_96___1173
ERR12861515	pks1_2~~~acpP_1~~~pks1_1~~~acpP_3~~~pikAII	0.078947	Wetzstein_065	ERR12861515	2.1616438356164385	2015-07-27	Wetzstein	99.59943921490084	TRUE	FALSE	Germany	T03-T04	acpP	IMFOIEKC_02535	17	HMANOFGM_1___240787	Wetzstein_065___HMANOFGM_1___240787
ERR12861515	pks1_2~~~acpP_1~~~pks1_1~~~acpP_3~~~pikAII	0.096386	Wetzstein_065	ERR12861515	2.1616438356164385	2015-07-27	Wetzstein	99.59943921490084	TRUE	FALSE	Germany	T03-T04	acpP	IMFOIEKC_02535	17	HMANOFGM_1___242266	Wetzstein_065___HMANOFGM_1___242266
ERR12861515	pks1_2~~~acpP_1~~~pks1_1~~~acpP_3~~~pikAII	0.087912	Wetzstein_065	ERR12861515	2.1616438356164385	2015-07-27	Wetzstein	99.59943921490084	TRUE	FALSE	Germany	T03-T04	acpP	IMFOIEKC_02535	17	HMANOFGM_1___246046	Wetzstein_065___HMANOFGM_1___246046
ERR12861515	cwlM	0.044444	Wetzstein_065	ERR12861515	2.1616438356164385	2015-07-27	Wetzstein	99.59943921490084	TRUE	FALSE	Germany	T03-T04	cwlM	IMFOIEKC_04632	8	HMANOFGM_3___19295	Wetzstein_065___HMANOFGM_3___19295
ERR12861515	cytR	0.092437	Wetzstein_065	ERR12861515	2.1616438356164385	2015-07-27	Wetzstein	99.59943921490084	TRUE	FALSE	Germany	T03-T04	cytR	IMFOIEKC_04593	8	HMANOFGM_3___70826	Wetzstein_065___HMANOFGM_3___70826
ERR12861515	mtrB	0.105263	Wetzstein_065	ERR12861515	2.1616438356164385	2015-07-27	Wetzstein	99.59943921490084	TRUE	FALSE	Germany	T03-T04	mtrB	IMFOIEKC_03636	10	HMANOFGM_50___12882	Wetzstein_065___HMANOFGM_50___12882
ERR12861515	rpoB~~~rpoB_2	0.081081	Wetzstein_065	ERR12861515	2.1616438356164385	2015-07-27	Wetzstein	99.59943921490084	TRUE	FALSE	Germany	T03-T04	rpoB	IMFOIEKC_03925	10	HMANOFGM_55___8572	Wetzstein_065___HMANOFGM_55___8572
ERR12861634	napA_3~~~cysJ~~~napA_1	0.052174	Wetzstein_090	ERR12861634	0.6712328767123288	2020-11-13	Wetzstein	98.42779891848586	TRUE	FALSE	Germany	T03-T04	napA	IMFOIEKC_02319	13	HIDFPCKK_50___766	Wetzstein_090___HIDFPCKK_50___766
ERR12861492	pks1_2~~~acpP_1~~~pks1_1~~~acpP_3~~~pikAII	0.081081	Wetzstein_144	ERR12861492	2.9917808219178084	2011-11-01	Wetzstein	99.32906068495892	TRUE	FALSE	Germany	T03-T04	acpP	IMFOIEKC_02535	17	MCGCPMGM_10___44872	Wetzstein_144___MCGCPMGM_10___44872
ERR12861492	metG	0.078947	Wetzstein_144	ERR12861492	2.9917808219178084	2011-11-01	Wetzstein	99.32906068495892	TRUE	FALSE	Germany	T03-T04	metG	IMFOIEKC_03104	8	MCGCPMGM_27___1521	Wetzstein_144___MCGCPMGM_27___1521
ERR12861492	metG	0.08642	Wetzstein_144	ERR12861492	2.9917808219178084	2011-11-01	Wetzstein	99.32906068495892	TRUE	FALSE	Germany	T03-T04	metG	IMFOIEKC_03104	8	MCGCPMGM_27___2270	Wetzstein_144___MCGCPMGM_27___2270
ERR12861492	mmpL5_1~~~mmpL4_4~~~mmpL4_9~~~mmpL4_3	0.142857	Wetzstein_144	ERR12861492	2.9917808219178084	2011-11-01	Wetzstein	99.32906068495892	TRUE	FALSE	Germany	T03-T04	mmpL4	IMFOIEKC_00836	11	MCGCPMGM_29___12400	Wetzstein_144___MCGCPMGM_29___12400
ERR3566299	rpoB~~~rpoB_2	0.086957	VT_104	ERR3566299	1.6618754277891854	2015-06-09	Van Tonder	99.30951666166314	TRUE	FALSE	UK	T04-T05	rpoB	IMFOIEKC_03925	10	GKCEFDNB_1___18819	VT_104___GKCEFDNB_1___18819
ERR3566322	pks1_2~~~acpP_1~~~pks1_1~~~acpP_3~~~pikAII	0.074074	VT_199	ERR3566322	0.8706365503080082	2015-08-11	Van Tonder	99.63978387032218	TRUE	FALSE	UK	T04-T05	acpP	IMFOIEKC_02535	17	MGDHHIFF_3___206840	VT_199___MGDHHIFF_3___206840
ERR3566322	feaB_2~~~feaB~~~styD_3	0.064516	VT_199	ERR3566322	0.8706365503080082	2015-08-11	Van Tonder	99.63978387032218	TRUE	FALSE	UK	T04-T05	feaB	IMFOIEKC_02024	9	MGDHHIFF_23___23561	VT_199___MGDHHIFF_23___23561
ERR4022355	yehZ	0.093333	VT_218	ERR4022355	0.1724845995893223	2013-04-23	Van Tonder	98.34933973589436	TRUE	FALSE	UK	T04-T05	yehZ	IMFOIEKC_00198	12	MOMHJPII_35___8639	VT_218___MOMHJPII_35___8639
ERR4339043	cwlM	0.632653	VT_275	ERR4339043	1.6646132785763177	2014-09-30	Van Tonder	98.82812499999996	TRUE	FALSE	UK	T04-T05	cwlM	IMFOIEKC_04632	8	KIMDEMNO_7___198621	VT_275___KIMDEMNO_7___198621
ERR12861617	glgE	0.048387	Wetzstein_047	ERR12861617	12.41095890410959	2020-09-22	Wetzstein	99.90989187024428	TRUE	FALSE	Germany	T04-T05	glgE	IMFOIEKC_02756	7	BIBIJBLB_4___122583	Wetzstein_047___BIBIJBLB_4___122583
ERR12861620	dhbF_5~~~dhbF_4~~~dhbF_2~~~dhbF_1~~~lgrB_1~~~lgrB~~~lgrD_4~~~dhbF_6~~~dhbF_3~~~dltA~~~dltA_1~~~dltA_2	0.05042	Wetzstein_090	ERR12861620	0.873972602739726	2021-01-26	Wetzstein	98.31798157789343	TRUE	FALSE	Germany	T04-T05	dltA	IMFOIEKC_01385	16	HIDFPCKK_8___68220	Wetzstein_090___HIDFPCKK_8___68220
ERR12861620	glgE	0.07619	Wetzstein_090	ERR12861620	0.873972602739726	2021-01-26	Wetzstein	98.31798157789343	TRUE	FALSE	Germany	T04-T05	glgE	IMFOIEKC_02756	7	HIDFPCKK_35___3803	Wetzstein_090___HIDFPCKK_35___3803
ERR12861494	pks1_2~~~acpP_1~~~pks1_1~~~acpP_3~~~pikAII	0.075	Wetzstein_144	ERR12861494	3.326027397260274	2012-03-02	Wetzstein	99.27913496195434	TRUE	FALSE	Germany	T04-T05	acpP	IMFOIEKC_02535	17	MCGCPMGM_10___45689	Wetzstein_144___MCGCPMGM_10___45689
ERR12861494	metG	0.045455	Wetzstein_144	ERR12861494	3.326027397260274	2012-03-02	Wetzstein	99.27913496195434	TRUE	FALSE	Germany	T04-T05	metG	IMFOIEKC_03104	8	MCGCPMGM_27___1127	Wetzstein_144___MCGCPMGM_27___1127
ERR12861494	mtrB	0.165414	Wetzstein_144	ERR12861494	3.326027397260274	2012-03-02	Wetzstein	99.27913496195434	TRUE	FALSE	Germany	T04-T05	mtrB	IMFOIEKC_03636	10	MCGCPMGM_61___8720	Wetzstein_144___MCGCPMGM_61___8720
ERR3468826	pks1_2~~~acpP_1~~~pks1_1~~~acpP_3~~~pikAII	0.058824	VT_070	ERR3468826	1.379876796714579	2014-07-16	Van Tonder	99.58979489744873	TRUE	FALSE	UK	T05-T06	acpP	IMFOIEKC_02535	17	BGLKEILP_3___256100	VT_070___BGLKEILP_3___256100
ERR3468826	pks1_2~~~acpP_1~~~pks1_1~~~acpP_3~~~pikAII	0.056818	VT_070	ERR3468826	1.379876796714579	2014-07-16	Van Tonder	99.58979489744873	TRUE	FALSE	UK	T05-T06	acpP	IMFOIEKC_02535	17	BGLKEILP_3___256544	VT_070___BGLKEILP_3___256544
ERR3468826	mmpL5_1~~~mmpL4_4~~~mmpL4_9~~~mmpL4_3	0.073529	VT_070	ERR3468826	1.379876796714579	2014-07-16	Van Tonder	99.58979489744873	TRUE	FALSE	UK	T05-T06	mmpL4	IMFOIEKC_00836	11	BGLKEILP_6___51510	VT_070___BGLKEILP_6___51510
ERR3337401	yehZ	0.055556	VT_218	ERR3337401	0.2683093771389459	2013-05-28	Van Tonder	98.3990394236542	TRUE	FALSE	UK	T05-T06	yehZ	IMFOIEKC_00198	12	MOMHJPII_35___8639	VT_218___MOMHJPII_35___8639
ERR12861631	yehZ	0.042254	Wetzstein_047	ERR12861631	12.967123287671232	2021-04-13	Wetzstein	99.8798678546401	TRUE	FALSE	Germany	T05-T06	yehZ	IMFOIEKC_00198	12	BIBIJBLB_15___73100	Wetzstein_047___BIBIJBLB_15___73100
ERR12861631	dhbF_5~~~dhbF_4~~~dhbF_2~~~dhbF_1~~~lgrB_1~~~lgrB~~~lgrD_4~~~dhbF_6~~~dhbF_3~~~dltA~~~dltA_1~~~dltA_2	0.067416	Wetzstein_047	ERR12861631	12.967123287671232	2021-04-13	Wetzstein	99.8798678546401	TRUE	FALSE	Germany	T05-T06	dltA	IMFOIEKC_01385	16	BIBIJBLB_17___19950	Wetzstein_047___BIBIJBLB_17___19950
ERR12861535	cwlM	0.045752	Wetzstein_065	ERR12861535	4.156164383561644	2017-07-24	Wetzstein	99.51942330796956	TRUE	FALSE	Germany	T05-T06	cwlM	IMFOIEKC_04632	8	HMANOFGM_3___19119	Wetzstein_065___HMANOFGM_3___19119
ERR12861535	glgE	0.103896	Wetzstein_065	ERR12861535	4.156164383561644	2017-07-24	Wetzstein	99.51942330796956	TRUE	FALSE	Germany	T05-T06	glgE	IMFOIEKC_02756	7	HMANOFGM_24___15264	Wetzstein_065___HMANOFGM_24___15264
ERR12861535	mmpL5_1~~~mmpL4_4~~~mmpL4_9~~~mmpL4_3	0.051471	Wetzstein_065	ERR12861535	4.156164383561644	2017-07-24	Wetzstein	99.51942330796956	TRUE	FALSE	Germany	T05-T06	mmpL4	IMFOIEKC_00836	11	HMANOFGM_31___13559	Wetzstein_065___HMANOFGM_31___13559
ERR12861497	rpoB~~~rpoB_2	0.053097	Wetzstein_144	ERR12861497	4.531506849315068	2013-05-16	Wetzstein	99.34928421263388	TRUE	FALSE	Germany	T05-T06	rpoB	IMFOIEKC_03925	10	MCGCPMGM_15___75857	Wetzstein_144___MCGCPMGM_15___75857
ERR12861497	feaB_2~~~feaB~~~styD_3	0.053097	Wetzstein_144	ERR12861497	4.531506849315068	2013-05-16	Wetzstein	99.34928421263388	TRUE	FALSE	Germany	T05-T06	feaB	IMFOIEKC_02024	9	MCGCPMGM_16___72204	Wetzstein_144___MCGCPMGM_16___72204
ERR12861497	glgE	0.045113	Wetzstein_144	ERR12861497	4.531506849315068	2013-05-16	Wetzstein	99.34928421263388	TRUE	FALSE	Germany	T05-T06	glgE	IMFOIEKC_02756	7	MCGCPMGM_60___18054	Wetzstein_144___MCGCPMGM_60___18054
ERR12861497	glgE	0.039474	Wetzstein_144	ERR12861497	4.531506849315068	2013-05-16	Wetzstein	99.34928421263388	TRUE	FALSE	Germany	T05-T06	glgE	IMFOIEKC_02756	7	MCGCPMGM_60___18369	Wetzstein_144___MCGCPMGM_60___18369
ERR4022403	yehZ	0.1	VT_199	ERR4022403	1.1800136892539357	2015-12-02	Van Tonder	99.86994797919166	TRUE	FALSE	UK	T06-T07	yehZ	IMFOIEKC_00198	12	MGDHHIFF_2___289213	VT_199___MGDHHIFF_2___289213
ERR4022403	cytR	0.051948	VT_199	ERR4022403	1.1800136892539357	2015-12-02	Van Tonder	99.86994797919166	TRUE	FALSE	UK	T06-T07	cytR	IMFOIEKC_04593	8	MGDHHIFF_4___139653	VT_199___MGDHHIFF_4___139653
ERR12861630	pks1_2~~~acpP_1~~~pks1_1~~~acpP_3~~~pikAII	0.051724	Wetzstein_090	ERR12861630	1.0136986301369864	2021-03-18	Wetzstein	98.30780014018222	TRUE	FALSE	Germany	T06-T07	acpP	IMFOIEKC_02535	17	HIDFPCKK_31___31816	Wetzstein_090___HIDFPCKK_31___31816
ERR12861499	redW~~~acdA_3	0.091954	Wetzstein_144	ERR12861499	4.964383561643835	2013-10-21	Wetzstein	98.27707102073524	TRUE	FALSE	Germany	T06-T07	acdA	IMFOIEKC_02533	8	MCGCPMGM_10___42050	Wetzstein_144___MCGCPMGM_10___42050
ERR12861499	rpoB~~~rpoB_2	0.090909	Wetzstein_144	ERR12861499	4.964383561643835	2013-10-21	Wetzstein	98.27707102073524	TRUE	FALSE	Germany	T06-T07	rpoB	IMFOIEKC_03925	10	MCGCPMGM_15___75725	Wetzstein_144___MCGCPMGM_15___75725
ERR12861499	napA_3~~~cysJ~~~napA_1	0.090909	Wetzstein_144	ERR12861499	4.964383561643835	2013-10-21	Wetzstein	98.27707102073524	TRUE	FALSE	Germany	T06-T07	napA	IMFOIEKC_02319	13	MCGCPMGM_28___47914	Wetzstein_144___MCGCPMGM_28___47914
ERR12861499	mmpL5_1~~~mmpL4_4~~~mmpL4_9~~~mmpL4_3	0.088608	Wetzstein_144	ERR12861499	4.964383561643835	2013-10-21	Wetzstein	98.27707102073524	TRUE	FALSE	Germany	T06-T07	mmpL4	IMFOIEKC_00836	11	MCGCPMGM_29___12379	Wetzstein_144___MCGCPMGM_29___12379
ERR12861499	mmpL5_1~~~mmpL4_4~~~mmpL4_9~~~mmpL4_3	0.052174	Wetzstein_144	ERR12861499	4.964383561643835	2013-10-21	Wetzstein	98.27707102073524	TRUE	FALSE	Germany	T06-T07	mmpL4	IMFOIEKC_00836	11	MCGCPMGM_29___13127	Wetzstein_144___MCGCPMGM_29___13127
ERR12861499	glgE	0.117647	Wetzstein_144	ERR12861499	4.964383561643835	2013-10-21	Wetzstein	98.27707102073524	TRUE	FALSE	Germany	T06-T07	glgE	IMFOIEKC_02756	7	MCGCPMGM_60___18096	Wetzstein_144___MCGCPMGM_60___18096
ERR6057683	cwlM	0.578125	VT_104	ERR6057683	2.2778918548939084	2016-01-20	Van Tonder	99.49944939433374	TRUE	FALSE	UK	T07-T08	cwlM	IMFOIEKC_04632	8	GKCEFDNB_7___198283	VT_104___GKCEFDNB_7___198283
ERR4022366	yehZ	0.079365	VT_218	ERR4022366	0.5338809034907598	2013-09-02	Van Tonder	98.47908745247148	TRUE	FALSE	UK	T07-T08	yehZ	IMFOIEKC_00198	12	MOMHJPII_35___8639	VT_218___MOMHJPII_35___8639
ERR12861561	napA_3~~~cysJ~~~napA_1	0.1	Wetzstein_065	ERR12861561	5.46027397260274	2018-11-12	Wetzstein	99.58942519527338	TRUE	FALSE	Germany	T07-T08	napA	IMFOIEKC_02319	13	HMANOFGM_1___391484	Wetzstein_065___HMANOFGM_1___391484
ERR12861561	cwlM	0.039548	Wetzstein_065	ERR12861561	5.46027397260274	2018-11-12	Wetzstein	99.58942519527338	TRUE	FALSE	Germany	T07-T08	cwlM	IMFOIEKC_04632	8	HMANOFGM_3___18730	Wetzstein_065___HMANOFGM_3___18730
ERR12861561	glgE	0.041096	Wetzstein_065	ERR12861561	5.46027397260274	2018-11-12	Wetzstein	99.58942519527338	TRUE	FALSE	Germany	T07-T08	glgE	IMFOIEKC_02756	7	HMANOFGM_24___13565	Wetzstein_065___HMANOFGM_24___13565
ERR12861561	feaB_2~~~feaB~~~styD_3	0.065217	Wetzstein_065	ERR12861561	5.46027397260274	2018-11-12	Wetzstein	99.58942519527338	TRUE	FALSE	Germany	T07-T08	feaB	IMFOIEKC_02024	9	HMANOFGM_43___13541	Wetzstein_065___HMANOFGM_43___13541
ERR12861633	dhbF_5~~~dhbF_4~~~dhbF_2~~~dhbF_1~~~lgrB_1~~~lgrB~~~lgrD_4~~~dhbF_6~~~dhbF_3~~~dltA~~~dltA_1~~~dltA_2	0.052632	Wetzstein_090	ERR12861633	1.180821917808219	2021-05-18	Wetzstein	98.06690705128202	TRUE	FALSE	Germany	T07-T08	dltA	IMFOIEKC_01385	16	HIDFPCKK_8___79508	Wetzstein_090___HIDFPCKK_8___79508
ERR12861633	dhbF_5~~~dhbF_4~~~dhbF_2~~~dhbF_1~~~lgrB_1~~~lgrB~~~lgrD_4~~~dhbF_6~~~dhbF_3~~~dltA~~~dltA_1~~~dltA_2	0.06	Wetzstein_090	ERR12861633	1.180821917808219	2021-05-18	Wetzstein	98.06690705128202	TRUE	FALSE	Germany	T07-T08	dltA	IMFOIEKC_01385	16	HIDFPCKK_8___87569	Wetzstein_090___HIDFPCKK_8___87569
ERR12861633	feaB_2~~~feaB~~~styD_3	0.051282	Wetzstein_090	ERR12861633	1.180821917808219	2021-05-18	Wetzstein	98.06690705128202	TRUE	FALSE	Germany	T07-T08	feaB	IMFOIEKC_02024	9	HIDFPCKK_45___19700	Wetzstein_090___HIDFPCKK_45___19700
ERR12861633	napA_3~~~cysJ~~~napA_1	0.054054	Wetzstein_090	ERR12861633	1.180821917808219	2021-05-18	Wetzstein	98.06690705128202	TRUE	FALSE	Germany	T07-T08	napA	IMFOIEKC_02319	13	HIDFPCKK_50___2050	Wetzstein_090___HIDFPCKK_50___2050
ERR12861500	pks1_2~~~acpP_1~~~pks1_1~~~acpP_3~~~pikAII	0.043478	Wetzstein_144	ERR12861500	5.087671232876712	2013-12-05	Wetzstein	99.29922915206728	TRUE	FALSE	Germany	T07-T08	acpP	IMFOIEKC_02535	17	MCGCPMGM_10___42818	Wetzstein_144___MCGCPMGM_10___42818
ERR12861500	rpoB~~~rpoB_2	0.057143	Wetzstein_144	ERR12861500	5.087671232876712	2013-12-05	Wetzstein	99.29922915206728	TRUE	FALSE	Germany	T07-T08	rpoB	IMFOIEKC_03925	10	MCGCPMGM_15___75543	Wetzstein_144___MCGCPMGM_15___75543
ERR12861500	rpoB~~~rpoB_2	0.040816	Wetzstein_144	ERR12861500	5.087671232876712	2013-12-05	Wetzstein	99.29922915206728	TRUE	FALSE	Germany	T07-T08	rpoB	IMFOIEKC_03925	10	MCGCPMGM_15___77661	Wetzstein_144___MCGCPMGM_15___77661
ERR12861500	dhbF_5~~~dhbF_4~~~dhbF_2~~~dhbF_1~~~lgrB_1~~~lgrB~~~lgrD_4~~~dhbF_6~~~dhbF_3~~~dltA~~~dltA_1~~~dltA_2	0.051852	Wetzstein_144	ERR12861500	5.087671232876712	2013-12-05	Wetzstein	99.29922915206728	TRUE	FALSE	Germany	T07-T08	dltA	IMFOIEKC_01385	16	MCGCPMGM_30___7755	Wetzstein_144___MCGCPMGM_30___7755
ERR3337592	rpoB~~~rpoB_2	0.059524	VT_218	ERR3337592	0.5639972621492129	2013-09-13	Van Tonder	98.22911455727863	TRUE	FALSE	UK	T08-T09	rpoB	IMFOIEKC_03925	10	MOMHJPII_6___199135	VT_218___MOMHJPII_6___199135
ERR3337592	dhbF_5~~~dhbF_4~~~dhbF_2~~~dhbF_1~~~lgrB_1~~~lgrB~~~lgrD_4~~~dhbF_6~~~dhbF_3~~~dltA~~~dltA_1~~~dltA_2	0.048544	VT_218	ERR3337592	0.5639972621492129	2013-09-13	Van Tonder	98.22911455727863	TRUE	FALSE	UK	T08-T09	dltA	IMFOIEKC_01385	16	MOMHJPII_20___64878	VT_218___MOMHJPII_20___64878
ERR12861649	dhbF_5~~~dhbF_4~~~dhbF_2~~~dhbF_1~~~lgrB_1~~~lgrB~~~lgrD_4~~~dhbF_6~~~dhbF_3~~~dltA~~~dltA_1~~~dltA_2	0.126984	Wetzstein_090	ERR12861649	1.4547945205479451	2021-08-26	Wetzstein	96.4933373409478	TRUE	FALSE	Germany	T08-T09	dltA	IMFOIEKC_01385	16	HIDFPCKK_8___64998	Wetzstein_090___HIDFPCKK_8___64998
ERR12861649	dhbF_5~~~dhbF_4~~~dhbF_2~~~dhbF_1~~~lgrB_1~~~lgrB~~~lgrD_4~~~dhbF_6~~~dhbF_3~~~dltA~~~dltA_1~~~dltA_2	0.086022	Wetzstein_090	ERR12861649	1.4547945205479451	2021-08-26	Wetzstein	96.4933373409478	TRUE	FALSE	Germany	T08-T09	dltA	IMFOIEKC_01385	16	HIDFPCKK_8___65236	Wetzstein_090___HIDFPCKK_8___65236
ERR12861649	dhbF_5~~~dhbF_4~~~dhbF_2~~~dhbF_1~~~lgrB_1~~~lgrB~~~lgrD_4~~~dhbF_6~~~dhbF_3~~~dltA~~~dltA_1~~~dltA_2	0.147059	Wetzstein_090	ERR12861649	1.4547945205479451	2021-08-26	Wetzstein	96.4933373409478	TRUE	FALSE	Germany	T08-T09	dltA	IMFOIEKC_01385	16	HIDFPCKK_8___66680	Wetzstein_090___HIDFPCKK_8___66680
ERR12861649	dhbF_5~~~dhbF_4~~~dhbF_2~~~dhbF_1~~~lgrB_1~~~lgrB~~~lgrD_4~~~dhbF_6~~~dhbF_3~~~dltA~~~dltA_1~~~dltA_2	0.131579	Wetzstein_090	ERR12861649	1.4547945205479451	2021-08-26	Wetzstein	96.4933373409478	TRUE	FALSE	Germany	T08-T09	dltA	IMFOIEKC_01385	16	HIDFPCKK_8___68786	Wetzstein_090___HIDFPCKK_8___68786
ERR12861649	dhbF_5~~~dhbF_4~~~dhbF_2~~~dhbF_1~~~lgrB_1~~~lgrB~~~lgrD_4~~~dhbF_6~~~dhbF_3~~~dltA~~~dltA_1~~~dltA_2	0.111111	Wetzstein_090	ERR12861649	1.4547945205479451	2021-08-26	Wetzstein	96.4933373409478	TRUE	FALSE	Germany	T08-T09	dltA	IMFOIEKC_01385	16	HIDFPCKK_8___70692	Wetzstein_090___HIDFPCKK_8___70692
ERR12861649	dhbF_5~~~dhbF_4~~~dhbF_2~~~dhbF_1~~~lgrB_1~~~lgrB~~~lgrD_4~~~dhbF_6~~~dhbF_3~~~dltA~~~dltA_1~~~dltA_2	0.135593	Wetzstein_090	ERR12861649	1.4547945205479451	2021-08-26	Wetzstein	96.4933373409478	TRUE	FALSE	Germany	T08-T09	dltA	IMFOIEKC_01385	16	HIDFPCKK_8___71910	Wetzstein_090___HIDFPCKK_8___71910
ERR12861649	dhbF_5~~~dhbF_4~~~dhbF_2~~~dhbF_1~~~lgrB_1~~~lgrB~~~lgrD_4~~~dhbF_6~~~dhbF_3~~~dltA~~~dltA_1~~~dltA_2	0.066667	Wetzstein_090	ERR12861649	1.4547945205479451	2021-08-26	Wetzstein	96.4933373409478	TRUE	FALSE	Germany	T08-T09	dltA	IMFOIEKC_01385	16	HIDFPCKK_8___74446	Wetzstein_090___HIDFPCKK_8___74446
ERR12861649	dhbF_5~~~dhbF_4~~~dhbF_2~~~dhbF_1~~~lgrB_1~~~lgrB~~~lgrD_4~~~dhbF_6~~~dhbF_3~~~dltA~~~dltA_1~~~dltA_2	0.104167	Wetzstein_090	ERR12861649	1.4547945205479451	2021-08-26	Wetzstein	96.4933373409478	TRUE	FALSE	Germany	T08-T09	dltA	IMFOIEKC_01385	16	HIDFPCKK_8___76079	Wetzstein_090___HIDFPCKK_8___76079
ERR12861649	dhbF_5~~~dhbF_4~~~dhbF_2~~~dhbF_1~~~lgrB_1~~~lgrB~~~lgrD_4~~~dhbF_6~~~dhbF_3~~~dltA~~~dltA_1~~~dltA_2	0.111111	Wetzstein_090	ERR12861649	1.4547945205479451	2021-08-26	Wetzstein	96.4933373409478	TRUE	FALSE	Germany	T08-T09	dltA	IMFOIEKC_01385	16	HIDFPCKK_8___82350	Wetzstein_090___HIDFPCKK_8___82350
ERR12861649	dhbF_5~~~dhbF_4~~~dhbF_2~~~dhbF_1~~~lgrB_1~~~lgrB~~~lgrD_4~~~dhbF_6~~~dhbF_3~~~dltA~~~dltA_1~~~dltA_2	0.075	Wetzstein_090	ERR12861649	1.4547945205479451	2021-08-26	Wetzstein	96.4933373409478	TRUE	FALSE	Germany	T08-T09	dltA	IMFOIEKC_01385	16	HIDFPCKK_8___91121	Wetzstein_090___HIDFPCKK_8___91121
ERR12861649	dhbF_5~~~dhbF_4~~~dhbF_2~~~dhbF_1~~~lgrB_1~~~lgrB~~~lgrD_4~~~dhbF_6~~~dhbF_3~~~dltA~~~dltA_1~~~dltA_2	0.078947	Wetzstein_090	ERR12861649	1.4547945205479451	2021-08-26	Wetzstein	96.4933373409478	TRUE	FALSE	Germany	T08-T09	dltA	IMFOIEKC_01385	16	HIDFPCKK_8___93756	Wetzstein_090___HIDFPCKK_8___93756
ERR12861649	dhbF_5~~~dhbF_4~~~dhbF_2~~~dhbF_1~~~lgrB_1~~~lgrB~~~lgrD_4~~~dhbF_6~~~dhbF_3~~~dltA~~~dltA_1~~~dltA_2	0.103448	Wetzstein_090	ERR12861649	1.4547945205479451	2021-08-26	Wetzstein	96.4933373409478	TRUE	FALSE	Germany	T08-T09	dltA	IMFOIEKC_01385	16	HIDFPCKK_8___95496	Wetzstein_090___HIDFPCKK_8___95496
ERR12861649	cytR	0.073171	Wetzstein_090	ERR12861649	1.4547945205479451	2021-08-26	Wetzstein	96.4933373409478	TRUE	FALSE	Germany	T08-T09	cytR	IMFOIEKC_04593	8	HIDFPCKK_10___72026	Wetzstein_090___HIDFPCKK_10___72026
ERR12861649	metG	0.066667	Wetzstein_090	ERR12861649	1.4547945205479451	2021-08-26	Wetzstein	96.4933373409478	TRUE	FALSE	Germany	T08-T09	metG	IMFOIEKC_03104	8	HIDFPCKK_11___48620	Wetzstein_090___HIDFPCKK_11___48620
ERR12861649	metG	0.058824	Wetzstein_090	ERR12861649	1.4547945205479451	2021-08-26	Wetzstein	96.4933373409478	TRUE	FALSE	Germany	T08-T09	metG	IMFOIEKC_03104	8	HIDFPCKK_11___48801	Wetzstein_090___HIDFPCKK_11___48801
ERR12861649	rpoB~~~rpoB_2	0.047244	Wetzstein_090	ERR12861649	1.4547945205479451	2021-08-26	Wetzstein	96.4933373409478	TRUE	FALSE	Germany	T08-T09	rpoB	IMFOIEKC_03925	10	HIDFPCKK_26___16360	Wetzstein_090___HIDFPCKK_26___16360
ERR12861649	rpoB~~~rpoB_2	0.074074	Wetzstein_090	ERR12861649	1.4547945205479451	2021-08-26	Wetzstein	96.4933373409478	TRUE	FALSE	Germany	T08-T09	rpoB	IMFOIEKC_03925	10	HIDFPCKK_26___16773	Wetzstein_090___HIDFPCKK_26___16773
ERR12861649	rpoB~~~rpoB_2	0.073394	Wetzstein_090	ERR12861649	1.4547945205479451	2021-08-26	Wetzstein	96.4933373409478	TRUE	FALSE	Germany	T08-T09	rpoB	IMFOIEKC_03925	10	HIDFPCKK_26___17563	Wetzstein_090___HIDFPCKK_26___17563
ERR12861649	pks1_2~~~acpP_1~~~pks1_1~~~acpP_3~~~pikAII	0.065934	Wetzstein_090	ERR12861649	1.4547945205479451	2021-08-26	Wetzstein	96.4933373409478	TRUE	FALSE	Germany	T08-T09	acpP	IMFOIEKC_02535	17	HIDFPCKK_31___25156	Wetzstein_090___HIDFPCKK_31___25156
ERR12861649	pks1_2~~~acpP_1~~~pks1_1~~~acpP_3~~~pikAII	0.119403	Wetzstein_090	ERR12861649	1.4547945205479451	2021-08-26	Wetzstein	96.4933373409478	TRUE	FALSE	Germany	T08-T09	acpP	IMFOIEKC_02535	17	HIDFPCKK_31___28639	Wetzstein_090___HIDFPCKK_31___28639
ERR12861649	pks1_2~~~acpP_1~~~pks1_1~~~acpP_3~~~pikAII	0.1875	Wetzstein_090	ERR12861649	1.4547945205479451	2021-08-26	Wetzstein	96.4933373409478	TRUE	FALSE	Germany	T08-T09	acpP	IMFOIEKC_02535	17	HIDFPCKK_31___29303	Wetzstein_090___HIDFPCKK_31___29303
ERR12861649	redW~~~acdA_3	0.061856	Wetzstein_090	ERR12861649	1.4547945205479451	2021-08-26	Wetzstein	96.4933373409478	TRUE	FALSE	Germany	T08-T09	acdA	IMFOIEKC_02533	8	HIDFPCKK_31___36100	Wetzstein_090___HIDFPCKK_31___36100
ERR12861649	glgE	0.125	Wetzstein_090	ERR12861649	1.4547945205479451	2021-08-26	Wetzstein	96.4933373409478	TRUE	FALSE	Germany	T08-T09	glgE	IMFOIEKC_02756	7	HIDFPCKK_35___3223	Wetzstein_090___HIDFPCKK_35___3223
ERR12861649	glgE	0.098361	Wetzstein_090	ERR12861649	1.4547945205479451	2021-08-26	Wetzstein	96.4933373409478	TRUE	FALSE	Germany	T08-T09	glgE	IMFOIEKC_02756	7	HIDFPCKK_35___3662	Wetzstein_090___HIDFPCKK_35___3662
ERR12861649	feaB_2~~~feaB~~~styD_3	0.086957	Wetzstein_090	ERR12861649	1.4547945205479451	2021-08-26	Wetzstein	96.4933373409478	TRUE	FALSE	Germany	T08-T09	feaB	IMFOIEKC_02024	9	HIDFPCKK_45___19655	Wetzstein_090___HIDFPCKK_45___19655
ERR12861649	napA_3~~~cysJ~~~napA_1	0.072464	Wetzstein_090	ERR12861649	1.4547945205479451	2021-08-26	Wetzstein	96.4933373409478	TRUE	FALSE	Germany	T08-T09	napA	IMFOIEKC_02319	13	HIDFPCKK_50___1219	Wetzstein_090___HIDFPCKK_50___1219
ERR12861649	napA_3~~~cysJ~~~napA_1	0.077778	Wetzstein_090	ERR12861649	1.4547945205479451	2021-08-26	Wetzstein	96.4933373409478	TRUE	FALSE	Germany	T08-T09	napA	IMFOIEKC_02319	13	HIDFPCKK_50___3245	Wetzstein_090___HIDFPCKK_50___3245
ERR12861649	napA_3~~~cysJ~~~napA_1	0.06383	Wetzstein_090	ERR12861649	1.4547945205479451	2021-08-26	Wetzstein	96.4933373409478	TRUE	FALSE	Germany	T08-T09	napA	IMFOIEKC_02319	13	HIDFPCKK_50___3890	Wetzstein_090___HIDFPCKK_50___3890
ERR12861505	pks1_2~~~acpP_1~~~pks1_1~~~acpP_3~~~pikAII	0.05	Wetzstein_144	ERR12861505	6.123287671232877	2014-12-18	Wetzstein	99.23908690428512	TRUE	FALSE	Germany	T08-T09	acpP	IMFOIEKC_02535	17	MCGCPMGM_10___50054	Wetzstein_144___MCGCPMGM_10___50054
ERR12861505	pks1_2~~~acpP_1~~~pks1_1~~~acpP_3~~~pikAII	0.05	Wetzstein_144	ERR12861505	6.123287671232877	2014-12-18	Wetzstein	99.23908690428512	TRUE	FALSE	Germany	T08-T09	acpP	IMFOIEKC_02535	17	MCGCPMGM_10___50856	Wetzstein_144___MCGCPMGM_10___50856
ERR12861505	napA_3~~~cysJ~~~napA_1	0.046512	Wetzstein_144	ERR12861505	6.123287671232877	2014-12-18	Wetzstein	99.23908690428512	TRUE	FALSE	Germany	T08-T09	napA	IMFOIEKC_02319	13	MCGCPMGM_28___48736	Wetzstein_144___MCGCPMGM_28___48736
ERR12861505	napA_3~~~cysJ~~~napA_1	0.048	Wetzstein_144	ERR12861505	6.123287671232877	2014-12-18	Wetzstein	99.23908690428512	TRUE	FALSE	Germany	T08-T09	napA	IMFOIEKC_02319	13	MCGCPMGM_28___49188	Wetzstein_144___MCGCPMGM_28___49188
ERR12861505	dhbF_5~~~dhbF_4~~~dhbF_2~~~dhbF_1~~~lgrB_1~~~lgrB~~~lgrD_4~~~dhbF_6~~~dhbF_3~~~dltA~~~dltA_1~~~dltA_2	0.083333	Wetzstein_144	ERR12861505	6.123287671232877	2014-12-18	Wetzstein	99.23908690428512	TRUE	FALSE	Germany	T08-T09	dltA	IMFOIEKC_01385	16	MCGCPMGM_30___9089	Wetzstein_144___MCGCPMGM_30___9089
ERR12861505	dhbF_5~~~dhbF_4~~~dhbF_2~~~dhbF_1~~~lgrB_1~~~lgrB~~~lgrD_4~~~dhbF_6~~~dhbF_3~~~dltA~~~dltA_1~~~dltA_2	0.045455	Wetzstein_144	ERR12861505	6.123287671232877	2014-12-18	Wetzstein	99.23908690428512	TRUE	FALSE	Germany	T08-T09	dltA	IMFOIEKC_01385	16	MCGCPMGM_30___9927	Wetzstein_144___MCGCPMGM_30___9927
ERR3337480	dhbF_5~~~dhbF_4~~~dhbF_2~~~dhbF_1~~~lgrB_1~~~lgrB~~~lgrD_4~~~dhbF_6~~~dhbF_3~~~dltA~~~dltA_1~~~dltA_2	0.055046	VT_218	ERR3337480	0.5667351129363449	2013-09-14	Van Tonder	98.39935974389752	TRUE	FALSE	UK	T09-T10	dltA	IMFOIEKC_01385	16	MOMHJPII_20___84425	VT_218___MOMHJPII_20___84425
ERR12861629	mmpL5_1~~~mmpL4_4~~~mmpL4_9~~~mmpL4_3	0.040541	Wetzstein_065	ERR12861629	7.846575342465753	2021-04-01	Wetzstein	99.61950535696404	TRUE	FALSE	Germany	T09-T10	mmpL4	IMFOIEKC_00836	11	HMANOFGM_31___12500	Wetzstein_065___HMANOFGM_31___12500
ERR12861509	pks1_2~~~acpP_1~~~pks1_1~~~acpP_3~~~pikAII	0.057692	Wetzstein_144	ERR12861509	6.295890410958904	2015-02-19	Wetzstein	99.22922922922923	TRUE	FALSE	Germany	T09-T10	acpP	IMFOIEKC_02535	17	MCGCPMGM_10___43313	Wetzstein_144___MCGCPMGM_10___43313
ERR12861509	pks1_2~~~acpP_1~~~pks1_1~~~acpP_3~~~pikAII	0.043478	Wetzstein_144	ERR12861509	6.295890410958904	2015-02-19	Wetzstein	99.22922922922923	TRUE	FALSE	Germany	T09-T10	acpP	IMFOIEKC_02535	17	MCGCPMGM_10___48295	Wetzstein_144___MCGCPMGM_10___48295
ERR12861512	redW~~~acdA_3	0.052632	Wetzstein_144	ERR12861512	6.564383561643836	2015-05-28	Wetzstein	99.26912294753704	TRUE	FALSE	Germany	T10-T11	acdA	IMFOIEKC_02533	8	MCGCPMGM_10___41920	Wetzstein_144___MCGCPMGM_10___41920
ERR3337566	yehZ	0.086207	VT_218	ERR3337566	0.7091033538672142	2013-11-05	Van Tonder	98.42921460730363	TRUE	FALSE	UK	T11-T12	yehZ	IMFOIEKC_00198	12	MOMHJPII_35___8639	VT_218___MOMHJPII_35___8639
ERR12861516	redW~~~acdA_3	0.119403	Wetzstein_144	ERR12861516	6.832876712328767	2015-09-03	Wetzstein	99.26912294753704	TRUE	FALSE	Germany	T11-T12	acdA	IMFOIEKC_02533	8	MCGCPMGM_10___41299	Wetzstein_144___MCGCPMGM_10___41299
ERR12861516	metG	0.058824	Wetzstein_144	ERR12861516	6.832876712328767	2015-09-03	Wetzstein	99.26912294753704	TRUE	FALSE	Germany	T11-T12	metG	IMFOIEKC_03104	8	MCGCPMGM_27___1604	Wetzstein_144___MCGCPMGM_27___1604
ERR3337478	yehZ	0.088608	VT_218	ERR3337478	0.7665982203969883	2013-11-26	Van Tonder	98.17908954477237	TRUE	FALSE	UK	T12-T13	yehZ	IMFOIEKC_00198	12	MOMHJPII_35___8639	VT_218___MOMHJPII_35___8639
ERR12861658	pks1_2~~~acpP_1~~~pks1_1~~~acpP_3~~~pikAII	0.042857	Wetzstein_144	ERR12861658	7.380821917808219	2016-03-21	Wetzstein	99.2890757985381	TRUE	FALSE	Germany	T12-T13	acpP	IMFOIEKC_02535	17	MCGCPMGM_10___52207	Wetzstein_144___MCGCPMGM_10___52207
ERR12861658	metG	0.058824	Wetzstein_144	ERR12861658	7.380821917808219	2016-03-21	Wetzstein	99.2890757985381	TRUE	FALSE	Germany	T12-T13	metG	IMFOIEKC_03104	8	MCGCPMGM_27___1416	Wetzstein_144___MCGCPMGM_27___1416
ERR12861658	napA_3~~~cysJ~~~napA_1	0.045113	Wetzstein_144	ERR12861658	7.380821917808219	2016-03-21	Wetzstein	99.2890757985381	TRUE	FALSE	Germany	T12-T13	napA	IMFOIEKC_02319	13	MCGCPMGM_28___49818	Wetzstein_144___MCGCPMGM_28___49818
ERR12861525	redW~~~acdA_3	0.091743	Wetzstein_144	ERR12861525	7.542465753424658	2016-05-19	Wetzstein	99.26868363053497	TRUE	FALSE	Germany	T13-T14	acdA	IMFOIEKC_02533	8	MCGCPMGM_10___41524	Wetzstein_144___MCGCPMGM_10___41524
ERR12861525	pks1_2~~~acpP_1~~~pks1_1~~~acpP_3~~~pikAII	0.048951	Wetzstein_144	ERR12861525	7.542465753424658	2016-05-19	Wetzstein	99.26868363053497	TRUE	FALSE	Germany	T13-T14	acpP	IMFOIEKC_02535	17	MCGCPMGM_10___45855	Wetzstein_144___MCGCPMGM_10___45855
ERR12861525	pks1_2~~~acpP_1~~~pks1_1~~~acpP_3~~~pikAII	0.048387	Wetzstein_144	ERR12861525	7.542465753424658	2016-05-19	Wetzstein	99.26868363053497	TRUE	FALSE	Germany	T13-T14	acpP	IMFOIEKC_02535	17	MCGCPMGM_10___50173	Wetzstein_144___MCGCPMGM_10___50173
ERR12861525	pks1_2~~~acpP_1~~~pks1_1~~~acpP_3~~~pikAII	0.04698	Wetzstein_144	ERR12861525	7.542465753424658	2016-05-19	Wetzstein	99.26868363053497	TRUE	FALSE	Germany	T13-T14	acpP	IMFOIEKC_02535	17	MCGCPMGM_10___53410	Wetzstein_144___MCGCPMGM_10___53410
ERR12861525	mmpL5_1~~~mmpL4_4~~~mmpL4_9~~~mmpL4_3	0.04698	Wetzstein_144	ERR12861525	7.542465753424658	2016-05-19	Wetzstein	99.26868363053497	TRUE	FALSE	Germany	T13-T14	mmpL4	IMFOIEKC_00836	11	MCGCPMGM_29___11739	Wetzstein_144___MCGCPMGM_29___11739
ERR12861678	dhbF_5~~~dhbF_4~~~dhbF_2~~~dhbF_1~~~lgrB_1~~~lgrB~~~lgrD_4~~~dhbF_6~~~dhbF_3~~~dltA~~~dltA_1~~~dltA_2	0.03871	Wetzstein_144	ERR12861678	7.772602739726027	2016-08-11	Wetzstein	99.30958575145084	TRUE	FALSE	Germany	T14-T15	dltA	IMFOIEKC_01385	16	MCGCPMGM_30___10080	Wetzstein_144___MCGCPMGM_30___10080
ERR12861678	mtrB	0.065934	Wetzstein_144	ERR12861678	7.772602739726027	2016-08-11	Wetzstein	99.30958575145084	TRUE	FALSE	Germany	T14-T15	mtrB	IMFOIEKC_03636	10	MCGCPMGM_61___8431	Wetzstein_144___MCGCPMGM_61___8431
ERR3337491	mtrB	0.083333	VT_218	ERR3337491	1.215605749486653	2014-05-09	Van Tonder	98.18909454727364	TRUE	FALSE	UK	T16-T17	mtrB	IMFOIEKC_03636	10	MOMHJPII_7___85064	VT_218___MOMHJPII_7___85064
ERR3337491	yehZ	0.098765	VT_218	ERR3337491	1.215605749486653	2014-05-09	Van Tonder	98.18909454727364	TRUE	FALSE	UK	T16-T17	yehZ	IMFOIEKC_00198	12	MOMHJPII_35___8639	VT_218___MOMHJPII_35___8639
ERR3337482	cytR	0.05102	VT_218	ERR3337482	1.2265571526351813	2014-05-13	Van Tonder	98.37918959479738	TRUE	FALSE	UK	T17-T18	cytR	IMFOIEKC_04593	8	MOMHJPII_18___14356	VT_218___MOMHJPII_18___14356
ERR3468880	rpoB~~~rpoB_2	0.064516	VT_218	ERR3468880	1.273100616016427	2014-05-30	Van Tonder	97.93917567026809	TRUE	FALSE	UK	T18-T19	rpoB	IMFOIEKC_03925	10	MOMHJPII_6___199698	VT_218___MOMHJPII_6___199698
ERR3468880	dhbF_5~~~dhbF_4~~~dhbF_2~~~dhbF_1~~~lgrB_1~~~lgrB~~~lgrD_4~~~dhbF_6~~~dhbF_3~~~dltA~~~dltA_1~~~dltA_2	0.070423	VT_218	ERR3468880	1.273100616016427	2014-05-30	Van Tonder	97.93917567026809	TRUE	FALSE	UK	T18-T19	dltA	IMFOIEKC_01385	16	MOMHJPII_20___59939	VT_218___MOMHJPII_20___59939
ERR3468880	dhbF_5~~~dhbF_4~~~dhbF_2~~~dhbF_1~~~lgrB_1~~~lgrB~~~lgrD_4~~~dhbF_6~~~dhbF_3~~~dltA~~~dltA_1~~~dltA_2	0.135135	VT_218	ERR3468880	1.273100616016427	2014-05-30	Van Tonder	97.93917567026809	TRUE	FALSE	UK	T18-T19	dltA	IMFOIEKC_01385	16	MOMHJPII_20___64953	VT_218___MOMHJPII_20___64953
