gene_name	pid_x_snp	T00-T01	T01-T02	T02-T03	T03-T04	T04-T05	T05-T06	T06-T07	T07-T08	T08-T09	T11-T12	T12-T13	T13-T14	T14-T15	T16-T17	T17-T18	T18-T19
acpP_2	Wetzstein_046___NAEIJJDF_16___30227	NA	NA	1	NA	NA	NA	NA	NA	NA	NA	NA	NA	NA	NA	NA	NA
acpP_2	Wetzstein_090___HIDFPCKK_31___25156	NA	NA	NA	NA	NA	NA	NA	NA	1	NA	NA	NA	NA	NA	NA	NA
acpP_2	Wetzstein_090___HIDFPCKK_31___28639	NA	NA	NA	NA	NA	NA	NA	NA	1	NA	NA	NA	NA	NA	NA	NA
acpP_2	Wetzstein_090___HIDFPCKK_31___29303	NA	NA	NA	NA	NA	NA	NA	NA	1	NA	NA	NA	NA	NA	NA	NA
acpP_2	Wetzstein_090___HIDFPCKK_31___30744	1	NA	NA	NA	NA	NA	NA	NA	NA	NA	NA	NA	NA	NA	NA	NA
acpP_2	Wetzstein_090___HIDFPCKK_31___31816	NA	NA	NA	NA	NA	NA	1	NA	NA	NA	NA	NA	NA	NA	NA	NA
cwlM	VT_070___BGLKEILP_35___19445	NA	NA	1	NA	NA	NA	NA	NA	NA	NA	NA	NA	NA	NA	NA	NA
cwlM	VT_104___GKCEFDNB_7___198283	NA	NA	NA	NA	NA	NA	NA	1	NA	NA	NA	NA	NA	NA	NA	NA
cwlM	VT_275___KIMDEMNO_7___198621	1	1	NA	NA	1	NA	NA	NA	NA	NA	NA	NA	NA	NA	NA	NA
cwlM	Wetzstein_047___BIBIJBLB_57___19642	NA	1	NA	NA	NA	NA	NA	NA	NA	NA	NA	NA	NA	NA	NA	NA
cwlM	Wetzstein_065___HMANOFGM_3___18725	NA	1	NA	NA	NA	NA	NA	NA	NA	NA	NA	NA	NA	NA	NA	NA
cwlM	Wetzstein_065___HMANOFGM_3___18730	NA	NA	NA	NA	NA	NA	NA	1	NA	NA	NA	NA	NA	NA	NA	NA
cwlM	Wetzstein_065___HMANOFGM_3___19119	NA	NA	NA	NA	NA	1	NA	NA	NA	NA	NA	NA	NA	NA	NA	NA
cwlM	Wetzstein_065___HMANOFGM_3___19295	NA	NA	NA	1	NA	NA	NA	NA	NA	NA	NA	NA	NA	NA	NA	NA
cwlM	Wetzstein_132___HFCJHIKB_5___41681	NA	1	NA	NA	NA	NA	NA	NA	NA	NA	NA	NA	NA	NA	NA	NA
cwlM	Wetzstein_144___MCGCPMGM_1___204519	NA	NA	1	NA	NA	NA	NA	NA	NA	NA	NA	NA	NA	NA	NA	NA
cytR	VT_199___MGDHHIFF_4___139653	NA	NA	NA	NA	NA	NA	1	NA	NA	NA	NA	NA	NA	NA	NA	NA
cytR	VT_218___MOMHJPII_18___14356	NA	NA	NA	NA	NA	NA	NA	NA	NA	NA	NA	NA	NA	NA	1	NA
cytR	VT_267___DBJLGJNH_10___77034	NA	1	NA	NA	NA	NA	NA	NA	NA	NA	NA	NA	NA	NA	NA	NA
cytR	Wetzstein_007___CDNNAMKO_11___62318	1	NA	NA	NA	NA	NA	NA	NA	NA	NA	NA	NA	NA	NA	NA	NA
cytR	Wetzstein_065___HMANOFGM_3___70826	NA	1	NA	1	NA	NA	NA	NA	NA	NA	NA	NA	NA	NA	NA	NA
cytR	Wetzstein_090___HIDFPCKK_10___72026	NA	NA	NA	NA	NA	NA	NA	NA	1	NA	NA	NA	NA	NA	NA	NA
cytR	Wetzstein_090___HIDFPCKK_10___72434	NA	NA	1	NA	NA	NA	NA	NA	NA	NA	NA	NA	NA	NA	NA	NA
dltA_2	VT_218___MOMHJPII_45___19278	NA	NA	NA	NA	NA	NA	NA	1	NA	NA	NA	NA	NA	NA	NA	NA
dltA_2	VT_275___KIMDEMNO_14___58436	NA	NA	1	NA	NA	NA	NA	NA	NA	NA	NA	NA	NA	NA	NA	NA
dltA_2	VT_275___KIMDEMNO_14___77091	NA	NA	1	NA	NA	NA	NA	NA	NA	NA	NA	NA	NA	NA	NA	NA
dltA_2	VT_275___KIMDEMNO_14___81447	NA	NA	1	NA	NA	NA	NA	NA	NA	NA	NA	NA	NA	NA	NA	NA
dltA_2	Wetzstein_046___NAEIJJDF_52___21917	1	NA	NA	NA	NA	NA	NA	NA	NA	NA	NA	NA	NA	NA	NA	NA
dltA_2	Wetzstein_046___NAEIJJDF_52___22393	1	1	1	NA	NA	NA	NA	NA	NA	NA	NA	NA	NA	NA	NA	NA
dltA_2	Wetzstein_047___BIBIJBLB_103___5340	NA	NA	1	NA	NA	NA	NA	NA	NA	NA	NA	NA	NA	NA	NA	NA
dltA_2	Wetzstein_047___BIBIJBLB_103___7720	NA	1	NA	NA	NA	NA	NA	NA	NA	NA	NA	NA	NA	NA	NA	NA
dltA_2	Wetzstein_065___HMANOFGM_30___25279	NA	NA	NA	NA	NA	NA	1	NA	NA	NA	NA	NA	NA	NA	NA	NA
dltA_2	Wetzstein_065___HMANOFGM_30___30810	NA	NA	NA	1	NA	NA	NA	NA	NA	NA	NA	NA	NA	NA	NA	NA
dltA_2	Wetzstein_065___HMANOFGM_30___33900	NA	NA	1	NA	NA	NA	NA	NA	NA	NA	NA	NA	NA	NA	NA	NA
dltA_2	Wetzstein_194___BGHGNMHH_41___24488	1	1	NA	NA	NA	NA	NA	NA	NA	NA	NA	NA	NA	NA	NA	NA
feaB	VT_275___KIMDEMNO_15___80495	NA	NA	1	NA	NA	NA	NA	NA	NA	NA	NA	NA	NA	NA	NA	NA
feaB	Wetzstein_047___BIBIJBLB_96___1173	NA	NA	NA	1	NA	NA	NA	NA	NA	NA	NA	NA	NA	NA	NA	NA
feaB	Wetzstein_090___HIDFPCKK_45___19655	NA	NA	NA	NA	NA	NA	NA	NA	1	NA	NA	NA	NA	NA	NA	NA
feaB	Wetzstein_090___HIDFPCKK_45___19700	NA	NA	NA	NA	NA	NA	NA	1	NA	NA	NA	NA	NA	NA	NA	NA
feaB	Wetzstein_090___HIDFPCKK_45___19760	1	NA	NA	NA	NA	NA	NA	NA	NA	NA	NA	NA	NA	NA	NA	NA
glgE	VT_275___KIMDEMNO_2___289727	NA	NA	1	NA	NA	NA	NA	NA	NA	NA	NA	NA	NA	NA	NA	NA
glgE	Wetzstein_024___GANFDDPG_1___175332	NA	1	NA	NA	NA	NA	NA	NA	NA	NA	NA	NA	NA	NA	NA	NA
glgE	Wetzstein_047___BIBIJBLB_4___122583	NA	NA	NA	NA	1	NA	NA	NA	NA	NA	NA	NA	NA	NA	NA	NA
glgE	Wetzstein_047___BIBIJBLB_4___123408	NA	NA	NA	1	NA	NA	NA	NA	NA	NA	NA	NA	NA	NA	NA	NA
glgE	Wetzstein_065___HMANOFGM_24___13565	NA	NA	NA	NA	NA	NA	NA	1	NA	NA	NA	NA	NA	NA	NA	NA
glgE	Wetzstein_065___HMANOFGM_24___14928	1	NA	NA	NA	NA	NA	NA	NA	NA	NA	NA	NA	NA	NA	NA	NA
glgE	Wetzstein_065___HMANOFGM_24___15264	NA	NA	NA	NA	NA	1	NA	NA	NA	NA	NA	NA	NA	NA	NA	NA
glgE	Wetzstein_090___HIDFPCKK_35___3223	NA	NA	NA	NA	NA	NA	NA	NA	1	NA	NA	NA	NA	NA	NA	NA
glgE	Wetzstein_090___HIDFPCKK_35___3662	NA	NA	NA	NA	NA	NA	NA	NA	1	NA	NA	NA	NA	NA	NA	NA
glgE	Wetzstein_090___HIDFPCKK_35___3803	NA	NA	NA	NA	1	NA	NA	NA	NA	NA	NA	NA	NA	NA	NA	NA
glgE	Wetzstein_144___MCGCPMGM_60___18054	NA	NA	NA	NA	NA	1	NA	NA	NA	NA	NA	NA	NA	NA	NA	NA
glgE	Wetzstein_144___MCGCPMGM_60___18096	NA	NA	NA	NA	NA	NA	1	NA	NA	NA	NA	NA	NA	NA	NA	NA
glgE	Wetzstein_144___MCGCPMGM_60___18369	NA	NA	NA	NA	NA	1	NA	NA	NA	NA	NA	NA	NA	NA	NA	NA
metG	VT_275___KIMDEMNO_31___49488	NA	NA	1	NA	NA	NA	NA	NA	NA	NA	NA	NA	NA	NA	NA	NA
metG	Wetzstein_046___NAEIJJDF_11___44567	NA	NA	1	NA	NA	NA	NA	NA	NA	NA	NA	NA	NA	NA	NA	NA
metG	Wetzstein_047___BIBIJBLB_12___6671	NA	NA	1	NA	NA	NA	NA	NA	NA	NA	NA	NA	NA	NA	NA	NA
metG	Wetzstein_090___HIDFPCKK_11___48620	NA	NA	NA	NA	NA	NA	NA	NA	1	NA	NA	NA	NA	NA	NA	NA
metG	Wetzstein_090___HIDFPCKK_11___48801	NA	NA	NA	NA	NA	NA	NA	NA	1	NA	NA	NA	NA	NA	NA	NA
metG	Wetzstein_132___HFCJHIKB_9___146170	1	NA	NA	NA	NA	NA	NA	NA	NA	NA	NA	NA	NA	NA	NA	NA
metG	Wetzstein_144___MCGCPMGM_27___1127	NA	NA	NA	NA	1	NA	NA	NA	NA	NA	NA	NA	NA	NA	NA	NA
metG	Wetzstein_144___MCGCPMGM_27___1416	NA	NA	NA	NA	NA	NA	NA	NA	NA	NA	1	NA	NA	NA	NA	NA
metG	Wetzstein_144___MCGCPMGM_27___1521	NA	NA	NA	1	NA	NA	NA	NA	NA	NA	NA	NA	NA	NA	NA	NA
metG	Wetzstein_144___MCGCPMGM_27___1604	NA	NA	NA	NA	NA	NA	NA	NA	NA	1	NA	NA	NA	NA	NA	NA
metG	Wetzstein_144___MCGCPMGM_27___2270	NA	NA	NA	1	NA	NA	NA	NA	NA	NA	NA	NA	NA	NA	NA	NA
mmpL4_3	Wetzstein_065___HMANOFGM_4___75396	NA	NA	NA	NA	NA	NA	NA	1	NA	NA	NA	NA	NA	NA	NA	NA
mmpL4_3	Wetzstein_090___HIDFPCKK_13___36988	NA	NA	NA	NA	NA	NA	NA	NA	1	NA	NA	NA	NA	NA	NA	NA
mmpL4_3	Wetzstein_132___HFCJHIKB_8___62905	1	NA	NA	NA	NA	NA	NA	NA	NA	NA	NA	NA	NA	NA	NA	NA
mmpL4_3	Wetzstein_144___MCGCPMGM_10___66783	NA	NA	NA	NA	NA	1	NA	NA	NA	NA	NA	NA	NA	NA	NA	NA
mtrB	P07___HJKHHKDF_68___7898	NA	NA	1	NA	NA	NA	NA	NA	NA	NA	NA	NA	NA	NA	NA	NA
mtrB	P13___OKKMABND_16___51166	1	1	NA	NA	NA	NA	NA	NA	NA	NA	NA	NA	NA	NA	NA	NA
mtrB	VT_218___MOMHJPII_7___85064	NA	NA	NA	NA	NA	NA	NA	NA	NA	NA	NA	NA	NA	1	NA	NA
mtrB	Wetzstein_024___GANFDDPG_57___18915	1	NA	NA	NA	NA	NA	NA	NA	NA	NA	NA	NA	NA	NA	NA	NA
mtrB	Wetzstein_024___GANFDDPG_57___19629	1	NA	NA	NA	NA	NA	NA	NA	NA	NA	NA	NA	NA	NA	NA	NA
mtrB	Wetzstein_047___BIBIJBLB_61___19523	NA	NA	NA	1	NA	NA	NA	NA	NA	NA	NA	NA	NA	NA	NA	NA
mtrB	Wetzstein_047___BIBIJBLB_61___20123	NA	NA	NA	1	NA	NA	NA	NA	NA	NA	NA	NA	NA	NA	NA	NA
mtrB	Wetzstein_065___HMANOFGM_50___12882	NA	NA	NA	1	NA	NA	NA	NA	NA	NA	NA	NA	NA	NA	NA	NA
mtrB	Wetzstein_090___HIDFPCKK_7___78430	NA	1	NA	NA	NA	NA	NA	NA	NA	NA	NA	NA	NA	NA	NA	NA
mtrB	Wetzstein_132___HFCJHIKB_16___28973	NA	1	NA	NA	NA	NA	NA	NA	NA	NA	NA	NA	NA	NA	NA	NA
mtrB	Wetzstein_144___MCGCPMGM_61___8431	NA	NA	NA	NA	NA	NA	NA	NA	NA	NA	NA	NA	1	NA	NA	NA
mtrB	Wetzstein_144___MCGCPMGM_61___8720	NA	NA	NA	NA	1	NA	NA	NA	NA	NA	NA	NA	NA	NA	NA	NA
napA_2	VT_275___KIMDEMNO_28___4271	NA	NA	NA	NA	NA	NA	NA	1	NA	NA	NA	NA	NA	NA	NA	NA
napA_2	Wetzstein_090___HIDFPCKK_17___22764	NA	NA	NA	NA	1	NA	NA	NA	NA	NA	NA	NA	NA	NA	NA	NA
napA_2	Wetzstein_132___HFCJHIKB_17___47783	1	NA	NA	NA	NA	NA	NA	NA	NA	NA	NA	NA	NA	NA	NA	NA
napA_2	Wetzstein_144___MCGCPMGM_32___31899	NA	NA	NA	NA	NA	NA	NA	NA	NA	NA	NA	1	NA	NA	NA	NA
napA_2	Wetzstein_194___BGHGNMHH_7___86328	NA	1	NA	NA	NA	NA	NA	NA	NA	NA	NA	NA	NA	NA	NA	NA
rpoB	VT_104___GKCEFDNB_1___18819	NA	NA	NA	NA	1	NA	NA	NA	NA	NA	NA	NA	NA	NA	NA	NA
rpoB	VT_104___GKCEFDNB_1___19298	1	NA	NA	NA	NA	NA	NA	NA	NA	NA	NA	NA	NA	NA	NA	NA
rpoB	VT_218___MOMHJPII_6___199135	NA	NA	NA	NA	NA	NA	NA	NA	1	NA	NA	NA	NA	NA	NA	NA
rpoB	VT_218___MOMHJPII_6___199698	NA	NA	NA	NA	NA	NA	NA	NA	NA	NA	NA	NA	NA	NA	NA	1
rpoB	Wetzstein_047___BIBIJBLB_14___20865	NA	NA	NA	1	NA	NA	NA	NA	NA	NA	NA	NA	NA	NA	NA	NA
rpoB	Wetzstein_047___BIBIJBLB_14___21245	NA	1	NA	NA	NA	NA	NA	NA	NA	NA	NA	NA	NA	NA	NA	NA
rpoB	Wetzstein_065___HMANOFGM_55___10631	NA	NA	1	NA	NA	NA	NA	NA	NA	NA	NA	NA	NA	NA	NA	NA
rpoB	Wetzstein_065___HMANOFGM_55___8572	NA	NA	NA	1	NA	NA	NA	NA	NA	NA	NA	NA	NA	NA	NA	NA
rpoB	Wetzstein_090___HIDFPCKK_26___16360	NA	NA	NA	NA	NA	NA	NA	NA	1	NA	NA	NA	NA	NA	NA	NA
rpoB	Wetzstein_090___HIDFPCKK_26___16773	NA	NA	NA	NA	NA	NA	NA	NA	1	NA	NA	NA	NA	NA	NA	NA
rpoB	Wetzstein_090___HIDFPCKK_26___17563	NA	NA	NA	NA	NA	NA	NA	NA	1	NA	NA	NA	NA	NA	NA	NA
rpoB	Wetzstein_090___HIDFPCKK_26___18836	NA	NA	1	NA	NA	NA	NA	NA	NA	NA	NA	NA	NA	NA	NA	NA
rpoB	Wetzstein_132___HFCJHIKB_14___19320	1	NA	NA	NA	NA	NA	NA	NA	NA	NA	NA	NA	NA	NA	NA	NA
rpoB	Wetzstein_144___MCGCPMGM_15___75543	NA	NA	NA	NA	NA	NA	NA	1	NA	NA	NA	NA	NA	NA	NA	NA
rpoB	Wetzstein_144___MCGCPMGM_15___75725	NA	NA	NA	NA	NA	NA	1	NA	NA	NA	NA	NA	NA	NA	NA	NA
rpoB	Wetzstein_144___MCGCPMGM_15___75857	NA	NA	NA	NA	NA	1	NA	NA	NA	NA	NA	NA	NA	NA	NA	NA
rpoB	Wetzstein_144___MCGCPMGM_15___77661	NA	NA	NA	NA	NA	NA	NA	1	NA	NA	NA	NA	NA	NA	NA	NA
yehZ	VT_070___BGLKEILP_18___13200	NA	NA	NA	1	NA	NA	NA	NA	NA	NA	NA	NA	NA	NA	NA	NA
yehZ	VT_104___GKCEFDNB_3___231725	NA	1	1	NA	NA	NA	NA	NA	NA	NA	NA	NA	NA	NA	NA	NA
yehZ	VT_124___NKMHEIMC_2___261930	1	NA	NA	NA	NA	NA	NA	NA	NA	NA	NA	NA	NA	NA	NA	NA
yehZ	VT_199___MGDHHIFF_2___289213	NA	NA	NA	NA	NA	NA	1	NA	NA	NA	NA	NA	NA	NA	NA	NA
yehZ	VT_218___MOMHJPII_35___8639	NA	NA	1	NA	1	1	NA	1	NA	1	1	NA	NA	1	NA	NA
yehZ	VT_260___CAJOEOBH_7___186683	NA	1	1	NA	NA	NA	NA	NA	NA	NA	NA	NA	NA	NA	NA	NA
yehZ	VT_275___KIMDEMNO_12___170179	1	NA	NA	NA	NA	NA	NA	NA	NA	NA	NA	NA	NA	NA	NA	NA
yehZ	Wetzstein_046___NAEIJJDF_17___12446	NA	1	NA	NA	NA	NA	NA	NA	NA	NA	NA	NA	NA	NA	NA	NA
yehZ	Wetzstein_047___BIBIJBLB_15___73100	NA	NA	NA	NA	NA	1	NA	NA	NA	NA	NA	NA	NA	NA	NA	NA
yehZ	Wetzstein_194___BGHGNMHH_15___83802	NA	1	NA	NA	NA	NA	NA	NA	NA	NA	NA	NA	NA	NA	NA	NA
